,creator_id,news_title,news_subtitle,updated_year,updated_month,updated_day,updated_timestamp,newsID
0,18,1,1,2019,4,1,0.0,82
1,10,1,1,2019,6,3,612.0,83
2,9,1,1,2019,6,10,681.0,84
3,18,1,1,2019,6,3,612.0,85
4,19,1,1,2019,7,6,930.0,86
5,18,1,1,2019,4,1,1.0,87
6,2,1,1,2019,6,11,686.0,88
7,3,1,1,2019,6,11,686.0,89
8,2,1,1,2019,6,11,686.0,90
9,19,1,1,2019,6,11,685.0,91
10,13,1,1,2019,4,1,1.0,92
11,13,1,1,2019,6,3,612.0,93
12,2,1,1,2019,6,11,686.0,94
13,2,1,1,2019,6,11,686.0,95
14,2,1,1,2019,6,11,686.0,96
15,3,1,1,2019,4,3,20.0,97
16,2,1,1,2019,4,1,2.0,98
17,5,1,1,2019,6,11,686.0,99
18,5,1,1,2019,6,11,686.0,100
19,5,1,1,2019,6,11,686.0,101
20,5,1,1,2019,4,1,3.0,102
21,5,1,1,2019,6,11,686.0,103
22,14,1,1,2019,6,5,624.0,104
23,2,1,1,2019,4,3,20.0,105
24,3,1,1,2019,6,11,686.0,106
25,2,1,1,2019,6,11,686.0,107
26,2,1,1,2019,4,4,32.0,108
28,4,1,1,2019,4,4,32.0,110
29,2,1,1,2019,6,11,686.0,111
30,5,1,1,2019,6,3,612.0,112
31,2,1,1,2019,6,11,686.0,113
32,5,1,1,2019,6,3,612.0,114
33,2,1,1,2019,6,11,686.0,115
34,3,1,1,2019,6,11,686.0,116
35,2,1,1,2019,6,11,686.0,117
36,5,1,1,2019,6,5,623.0,118
37,5,1,1,2019,6,3,612.0,119
38,5,1,1,2019,6,5,623.0,120
39,5,1,1,2019,6,5,623.0,121
40,5,1,1,2019,6,3,612.0,122
41,5,1,1,2019,6,11,686.0,123
42,2,1,1,2019,6,11,686.0,124
43,2,1,1,2019,6,3,612.0,125
44,3,1,1,2019,4,17,155.0,126
45,3,1,1,2019,6,3,612.0,127
46,2,1,1,2019,6,11,686.0,128
47,2,1,1,2019,6,11,686.0,129
48,5,1,1,2019,7,10,964.0,130
49,5,1,1,2019,4,20,184.0,131
50,5,1,1,2019,6,11,686.0,132
51,5,1,1,2019,6,11,686.0,133
52,5,1,1,2019,6,11,686.0,134
53,5,1,1,2019,7,2,894.0,135
54,5,1,1,2019,6,30,873.0,136
55,3,1,1,2019,5,16,436.0,137
56,3,1,1,2019,5,16,437.0,138
57,18,1,1,2019,4,23,215.0,139
58,5,1,1,2019,6,22,794.0,140
59,13,1,1,2019,4,26,245.0,141
60,13,1,1,2019,4,26,245.0,142
61,13,1,1,2019,4,26,245.0,143
62,13,1,1,2019,4,26,245.0,144
63,13,1,1,2019,4,26,245.0,145
64,10,1,1,2019,6,3,612.0,146
65,10,1,1,2019,4,26,245.0,147
66,10,1,1,2019,6,3,612.0,148
67,5,1,1,2019,7,1,881.0,149
68,19,1,1,2019,4,30,283.0,150
69,19,1,1,2019,4,30,283.0,151
70,19,1,1,2019,7,6,930.0,152
71,2,1,1,2019,4,30,283.0,153
72,2,1,1,2019,4,30,283.0,154
73,2,1,1,2019,6,11,686.0,155
74,19,1,1,2019,5,8,359.0,156
75,19,1,1,2019,7,6,930.0,157
76,5,1,1,2019,5,6,342.0,158
77,5,1,1,2019,5,16,435.0,159
78,2,1,1,2019,6,3,612.0,160
79,5,1,1,2019,6,11,686.0,161
80,21,1,1,2019,6,12,700.0,162
81,5,1,1,2019,6,3,612.0,163
82,19,1,1,2019,5,16,434.0,164
83,19,1,1,2019,6,10,681.0,165
84,10,1,1,2019,6,7,647.0,166
85,19,1,1,2019,5,16,437.0,167
86,19,1,1,2019,6,5,633.0,168
87,19,1,1,2019,7,9,952.0,169
88,5,1,1,2019,6,10,681.0,170
89,5,1,1,2019,5,21,483.0,171
90,5,1,1,2019,7,12,986.0,172
91,13,1,1,2019,7,13,994.0,173
92,5,1,1,2019,6,6,638.0,174
93,19,1,1,2019,5,23,503.0,175
94,2,1,1,2019,7,5,920.0,176
95,2,1,1,2019,6,3,612.0,177
97,8,1,1,2019,7,12,984.0,179
98,19,1,1,2019,6,9,671.0,180
99,13,1,1,2019,7,8,949.0,181
100,13,1,1,2019,6,3,612.0,182
101,3,1,1,2019,7,11,976.0,183
102,261,1,1,2019,6,10,681.0,184
103,261,1,1,2019,6,10,681.0,185
104,5,1,1,2019,7,2,893.0,186
105,5,1,1,2019,6,11,686.0,187
106,5,1,1,2019,7,2,893.0,188
107,2,1,1,2019,7,12,986.0,189
108,13,1,1,2019,7,12,984.0,190
109,14,1,1,2019,7,10,964.0,191
110,14,1,1,2019,7,6,926.0,192
111,5,1,1,2019,7,6,929.0,193
112,5,1,1,2019,7,12,986.0,194
118,2,1,1,2019,6,18,755.0,200
123,13,1,1,2019,7,5,917.0,205
124,19,1,0,2019,6,5,633.0,206
125,13,1,1,2019,6,11,686.0,207
127,18,1,1,2019,5,31,583.0,209
128,261,1,1,2019,7,13,995.0,210
129,18,1,1,2019,7,5,920.0,211
130,1,1,1,2019,6,9,668.0,212
140,2,1,1,2019,7,2,891.0,222
141,5,1,1,2019,6,11,686.0,223
142,261,1,1,2019,7,12,984.0,224
143,10,1,1,2019,6,3,612.0,225
144,10,1,1,2019,7,12,984.0,226
147,13693,1,1,2019,7,4,907.0,229
149,415,1,1,2019,7,6,928.0,231
150,14,1,0,2019,6,11,686.0,232
151,241,1,1,2019,7,13,999.0,233
152,14,1,1,2019,7,11,976.0,234
160,315,1,1,2019,6,17,749.0,242
163,6625,1,1,2019,6,22,797.0,245
164,242,1,1,2019,7,13,997.0,246
165,671,1,1,2019,7,4,908.0,247
166,362,1,1,2019,6,6,638.0,248
167,232,1,1,2019,7,4,910.0,249
168,232,1,1,2019,6,6,639.0,250
169,330,1,1,2019,6,7,646.0,251
170,26166,1,1,2019,6,22,789.0,252
171,542,1,1,2019,6,27,844.0,253
172,344,1,1,2019,6,22,789.0,254
173,212,1,1,2019,6,6,638.0,255
174,3353,1,1,2019,6,12,695.0,256
175,232,1,1,2019,6,7,648.0,257
176,260,1,1,2019,6,21,786.0,258
177,232,1,1,2019,6,8,656.0,259
178,631,1,1,2019,7,7,939.0,260
179,232,1,1,2019,6,12,698.0,261
180,17188,1,1,2019,6,22,789.0,262
181,542,1,1,2019,6,22,789.0,263
182,379,1,1,2019,6,22,789.0,264
183,232,1,1,2019,6,6,639.0,265
184,25982,1,1,2019,6,6,640.0,266
185,242,1,1,2019,7,12,989.0,267
186,15316,1,1,2019,6,6,639.0,268
188,232,1,1,2019,6,6,640.0,270
189,671,1,1,2019,7,4,908.0,271
190,232,1,1,2019,6,6,639.0,272
191,26166,1,1,2019,6,6,639.0,273
192,232,1,1,2019,6,6,639.0,274
194,232,1,1,2019,6,6,641.0,276
195,631,1,1,2019,6,7,648.0,277
196,509,1,1,2019,6,6,639.0,278
197,301,1,1,2019,6,13,701.0,279
201,232,1,1,2019,6,6,641.0,283
202,26127,1,1,2019,7,4,912.0,284
203,26071,1,1,2019,6,13,707.0,285
204,232,1,1,2019,6,12,697.0,286
205,340,1,1,2019,7,3,898.0,287
206,595,1,1,2019,6,6,639.0,288
208,232,1,1,2019,6,29,855.0,290
209,232,1,1,2019,6,6,639.0,291
212,26122,1,1,2019,6,11,687.0,294
213,26122,1,1,2019,6,12,700.0,295
214,226,1,1,2019,7,5,921.0,296
215,336,1,1,2019,6,6,641.0,297
216,232,1,1,2019,6,6,640.0,298
217,427,1,1,2019,6,12,698.0,299
218,232,1,1,2019,6,6,640.0,300
220,232,1,1,2019,7,1,878.0,302
221,368,1,1,2019,6,11,687.0,303
222,26122,1,1,2019,6,12,700.0,304
223,233,1,1,2019,7,1,883.0,305
225,26122,1,1,2019,7,3,899.0,307
226,26144,1,1,2019,6,6,639.0,308
227,362,1,1,2019,6,22,789.0,309
228,14,1,1,2019,6,6,642.0,310
229,1209,1,1,2019,7,5,914.0,311
230,3225,1,1,2019,6,6,641.0,312
231,26144,1,1,2019,6,10,680.0,313
232,509,1,1,2019,6,10,680.0,314
235,629,1,1,2019,6,6,642.0,317
236,239,1,1,2019,7,13,994.0,318
237,26144,1,1,2019,6,13,707.0,319
238,26144,1,1,2019,6,22,789.0,320
239,464,1,1,2019,7,5,919.0,321
240,26144,1,1,2019,6,10,680.0,322
241,239,1,1,2019,7,3,902.0,323
242,384,1,1,2019,6,6,640.0,324
243,1209,1,1,2019,7,4,913.0,325
244,444,1,1,2019,7,5,918.0,326
246,233,1,1,2019,6,20,777.0,328
250,5,1,1,2019,6,11,686.0,332
251,384,1,1,2019,7,5,917.0,333
252,640,1,1,2019,6,11,690.0,334
253,2,1,1,2019,7,11,976.0,335
254,26126,1,1,2019,6,13,707.0,336
255,595,1,1,2019,7,6,929.0,337
256,685,1,1,2019,6,14,715.0,338
257,232,1,1,2019,6,7,645.0,339
259,2,1,1,2019,7,10,962.0,341
260,206,1,1,2019,7,9,956.0,342
261,232,1,1,2019,6,24,814.0,343
262,629,1,1,2019,6,10,677.0,344
263,232,1,1,2019,6,12,698.0,345
264,232,1,1,2019,7,1,878.0,346
266,631,1,1,2019,6,13,707.0,348
267,15316,1,1,2019,6,8,661.0,349
268,26154,1,1,2019,7,5,921.0,350
269,206,1,1,2019,6,11,687.0,351
272,336,1,1,2019,6,6,641.0,354
273,26154,1,1,2019,6,22,789.0,355
275,271,1,1,2019,7,3,897.0,357
276,232,1,1,2019,6,12,698.0,358
282,271,1,1,2019,6,11,690.0,364
283,26121,1,1,2019,6,7,647.0,365
285,10,1,1,2019,7,4,911.0,367
286,368,1,1,2019,7,5,918.0,368
287,315,1,1,2019,6,17,749.0,369
288,26122,1,1,2019,6,9,668.0,370
289,26122,1,1,2019,6,9,668.0,371
290,1209,1,1,2019,7,4,913.0,372
291,239,1,1,2019,7,3,902.0,373
292,26122,1,1,2019,6,20,775.0,374
293,26128,1,1,2019,6,8,661.0,375
294,330,1,1,2019,6,10,676.0,376
295,330,1,1,2019,7,12,989.0,377
296,26166,1,1,2019,6,10,679.0,378
297,212,1,1,2019,6,12,700.0,379
298,631,1,1,2019,6,13,708.0,380
300,1,1,1,2019,7,3,901.0,382
301,26121,1,1,2019,6,8,657.0,383
302,232,1,1,2019,6,17,746.0,384
303,26121,1,1,2019,6,10,675.0,385
304,1,1,1,2019,7,12,989.0,386
305,206,1,1,2019,6,22,796.0,387
306,233,1,1,2019,7,5,918.0,388
308,233,1,1,2019,6,13,707.0,390
309,233,1,1,2019,6,7,649.0,391
310,212,1,1,2019,6,13,707.0,392
311,238,1,1,2019,7,5,919.0,393
312,26128,1,1,2019,6,13,709.0,394
313,232,1,1,2019,6,12,698.0,395
316,26126,1,1,2019,6,15,724.0,398
317,685,1,1,2019,7,5,922.0,399
318,415,1,1,2019,7,6,931.0,400
319,26051,1,1,2019,6,7,650.0,401
320,20011,1,1,2019,6,10,676.0,402
323,5,1,1,2019,7,5,917.0,405
326,1822,1,1,2019,7,9,954.0,408
328,233,1,1,2019,6,10,681.0,410
329,26122,1,1,2019,7,5,918.0,411
330,271,1,1,2019,7,10,965.0,412
331,212,1,1,2019,6,10,677.0,413
332,212,1,1,2019,6,8,660.0,414
333,26051,1,1,2019,7,10,970.0,415
334,233,1,1,2019,6,12,699.0,416
335,272,1,1,2019,6,8,661.0,417
336,15316,1,1,2019,6,22,789.0,418
337,501,1,1,2019,6,11,687.0,419
339,640,1,1,2019,6,11,687.0,421
341,271,1,1,2019,6,25,819.0,423
342,26128,1,1,2019,6,10,676.0,424
343,26122,1,1,2019,6,20,775.0,425
344,18,1,1,2019,7,14,1000.0,426
345,13,1,1,2019,7,3,898.0,427
346,13,1,1,2019,7,10,970.0,428
347,261,1,1,2019,7,12,984.0,429
348,242,1,1,2019,6,22,788.0,430
349,261,1,1,2019,7,5,917.0,431
350,269,1,1,2019,6,22,789.0,432
351,232,1,1,2019,6,12,698.0,433
352,595,1,1,2019,7,2,892.0,434
353,232,1,1,2019,6,12,698.0,435
354,2,1,1,2019,6,19,765.0,436
355,271,1,1,2019,7,10,966.0,437
356,232,1,1,2019,6,12,698.0,438
357,26117,1,1,2019,6,10,681.0,439
358,232,1,1,2019,6,12,698.0,440
359,222,1,1,2019,7,11,979.0,441
361,631,1,1,2019,6,17,748.0,443
362,330,1,1,2019,7,5,922.0,444
363,559,1,1,2019,7,5,921.0,445
366,17188,1,1,2019,6,11,685.0,448
367,444,1,1,2019,7,5,918.0,449
368,26154,1,1,2019,6,12,700.0,450
369,301,1,1,2019,7,6,929.0,451
370,509,1,1,2019,6,11,687.0,452
371,1238,1,1,2019,7,3,903.0,453
372,344,1,1,2019,7,4,909.0,454
373,444,1,1,2019,7,5,918.0,455
374,681,1,1,2019,6,12,698.0,456
375,242,1,1,2019,7,6,928.0,457
377,341,1,1,2019,7,5,919.0,459
378,423,1,1,2019,6,13,707.0,460
379,239,1,1,2019,7,5,916.0,461
380,6,1,1,2019,6,11,686.0,462
381,232,1,1,2019,6,12,698.0,463
382,26117,1,1,2019,6,11,687.0,464
383,671,1,1,2019,6,21,783.0,465
384,233,1,1,2019,6,20,777.0,466
385,10,1,1,2019,6,13,707.0,467
386,269,1,1,2019,6,11,686.0,468
387,595,1,1,2019,7,5,922.0,469
388,301,1,1,2019,6,12,697.0,470
389,473,1,1,2019,6,12,698.0,471
390,473,1,1,2019,7,8,947.0,472
391,19,1,1,2019,7,4,910.0,473
392,238,1,1,2019,6,15,727.0,474
393,685,1,1,2019,7,7,941.0,475
394,415,1,1,2019,7,11,977.0,476
395,3533,1,1,2019,7,6,926.0,477
396,26128,1,1,2019,6,11,691.0,478
397,26212,1,1,2019,7,7,936.0,479
398,691,1,1,2019,6,21,787.0,480
399,473,1,1,2019,6,26,835.0,481
400,473,1,1,2019,7,7,941.0,482
401,294,1,1,2019,7,4,909.0,483
402,7,1,1,2019,7,11,978.0,484
403,6,1,1,2019,6,11,685.0,485
404,515,1,1,2019,7,12,981.0,486
405,3,1,1,2019,7,11,979.0,487
406,6,1,1,2019,6,11,686.0,488
407,6,1,1,2019,6,11,686.0,489
408,16,1,1,2019,7,5,919.0,490
409,14570,1,1,2019,6,12,697.0,491
410,6,1,1,2019,7,12,985.0,492
411,12,1,1,2019,7,2,893.0,493
412,595,1,1,2019,6,11,686.0,494
413,6,1,1,2019,7,4,909.0,495
414,595,1,1,2019,7,6,929.0,496
415,19,1,1,2019,7,10,970.0,497
416,26212,1,1,2019,6,12,699.0,498
417,341,1,1,2019,7,5,919.0,499
418,691,1,1,2019,7,5,919.0,500
419,301,1,1,2019,7,6,929.0,501
420,19,1,1,2019,7,11,974.0,502
422,509,1,1,2019,6,12,694.0,504
423,17,1,1,2019,7,4,908.0,505
424,316,1,1,2019,7,3,900.0,506
425,20011,1,1,2019,6,11,687.0,507
426,26154,1,1,2019,7,3,900.0,508
427,231,1,1,2019,6,13,707.0,509
428,231,1,1,2019,6,11,689.0,510
429,354,1,1,2019,7,3,901.0,511
430,231,1,1,2019,6,13,707.0,512
431,4311,1,1,2019,6,12,697.0,513
432,14570,1,1,2019,6,13,709.0,514
433,26128,1,1,2019,6,12,697.0,515
434,13693,1,1,2019,7,4,907.0,516
435,26128,1,1,2019,6,12,696.0,517
436,677,1,1,2019,7,3,903.0,518
437,485,1,1,2019,7,3,903.0,519
438,232,1,1,2019,7,3,903.0,520
439,14570,1,1,2019,6,26,834.0,521
440,242,1,1,2019,6,12,696.0,522
441,362,1,1,2019,6,12,697.0,523
442,242,1,1,2019,7,10,967.0,524
443,13693,1,1,2019,7,4,912.0,525
444,485,1,1,2019,7,4,913.0,526
445,21,1,1,2019,7,12,984.0,527
446,640,1,1,2019,6,12,697.0,528
447,2,1,1,2019,7,4,909.0,529
448,3,1,0,2019,7,12,989.0,530
449,268,1,1,2019,7,13,998.0,531
450,5,1,1,2019,6,11,690.0,532
451,271,1,1,2019,7,3,897.0,533
452,473,1,1,2019,7,12,989.0,534
455,19,1,1,2019,7,4,910.0,537
457,271,1,1,2019,7,10,965.0,539
458,5,1,1,2019,7,11,977.0,540
459,444,1,1,2019,7,5,918.0,541
460,233,1,1,2019,6,12,699.0,542
461,26122,1,1,2019,7,6,932.0,543
462,423,1,1,2019,6,14,710.0,544
463,362,1,1,2019,6,13,703.0,545
464,239,1,1,2019,7,2,892.0,546
465,239,1,1,2019,7,2,892.0,547
466,233,1,1,2019,6,27,840.0,548
468,26051,1,1,2019,7,11,973.0,550
469,677,1,1,2019,7,4,913.0,551
470,232,1,1,2019,6,29,864.0,552
471,232,1,1,2019,6,12,698.0,553
473,595,1,1,2019,7,5,922.0,555
474,473,1,1,2019,6,12,699.0,556
475,5,1,1,2019,6,25,824.0,557
477,330,1,1,2019,7,12,989.0,559
478,26154,1,1,2019,7,3,900.0,560
479,905,1,1,2019,6,24,808.0,561
480,905,1,1,2019,6,12,700.0,562
481,232,1,1,2019,6,12,698.0,563
482,233,1,1,2019,6,20,777.0,564
483,905,1,1,2019,6,24,814.0,565
484,905,1,1,2019,6,13,705.0,566
485,232,1,1,2019,6,29,864.0,567
486,905,1,1,2019,6,12,697.0,568
487,232,1,1,2019,6,12,700.0,569
488,232,1,1,2019,6,14,713.0,570
489,671,1,1,2019,7,5,916.0,571
490,905,1,1,2019,6,12,700.0,572
491,905,1,1,2019,6,24,814.0,573
492,427,1,1,2019,6,13,702.0,574
493,427,1,1,2019,6,12,700.0,575
494,427,1,1,2019,6,13,701.0,576
495,427,1,1,2019,6,13,707.0,577
496,427,1,1,2019,6,13,703.0,578
497,26126,1,1,2019,6,12,697.0,579
498,501,1,1,2019,6,13,704.0,580
500,26128,1,1,2019,6,12,697.0,582
501,271,1,1,2019,6,27,839.0,583
502,26128,1,1,2019,6,12,697.0,584
503,26128,1,1,2019,6,25,821.0,585
504,427,1,1,2019,6,28,852.0,586
505,269,1,1,2019,6,12,699.0,587
506,336,1,1,2019,6,23,803.0,588
507,12,1,1,2019,6,23,803.0,589
508,368,1,1,2019,7,5,918.0,590
509,232,1,1,2019,6,13,706.0,591
510,26128,1,1,2019,7,5,919.0,592
511,1020,1,1,2019,6,12,698.0,593
512,1020,1,1,2019,6,12,698.0,594
513,233,1,1,2019,6,20,777.0,595
515,301,1,1,2019,7,6,929.0,597
517,5,1,1,2019,7,12,985.0,599
519,212,1,1,2019,6,22,789.0,601
521,233,1,1,2019,6,20,777.0,603
523,26117,1,1,2019,6,17,742.0,605
524,336,1,1,2019,6,23,803.0,606
525,473,1,1,2019,7,8,947.0,607
526,315,1,1,2019,6,13,707.0,608
527,209,1,1,2019,6,12,700.0,609
528,242,1,1,2019,7,6,928.0,610
529,19,1,1,2019,6,14,715.0,611
530,905,1,1,2019,6,24,814.0,612
531,267,1,1,2019,7,2,892.0,613
532,26122,1,1,2019,7,4,907.0,614
533,26122,1,1,2019,7,5,918.0,615
534,26122,1,1,2019,7,5,918.0,616
536,300,1,1,2019,7,2,889.0,618
537,232,1,1,2019,7,3,903.0,619
538,485,1,1,2019,7,3,894.0,620
539,26128,1,1,2019,6,23,799.0,621
540,691,1,1,2019,7,5,919.0,622
541,13693,1,1,2019,7,4,907.0,623
542,26051,1,1,2019,7,2,892.0,624
543,18,1,1,2019,7,14,1000.0,625
544,26128,1,1,2019,7,5,922.0,626
545,5,1,1,2019,7,4,907.0,627
546,15204,1,1,2019,7,9,961.0,628
547,15204,1,1,2019,7,9,961.0,629
548,15204,1,1,2019,7,9,961.0,630
549,15204,1,1,2019,7,9,961.0,631
550,232,1,1,2019,6,16,731.0,632
551,232,1,1,2019,6,29,864.0,633
552,232,1,1,2019,6,14,715.0,634
553,232,1,1,2019,6,29,864.0,635
555,631,1,1,2019,6,22,789.0,637
556,473,1,1,2019,7,6,931.0,638
557,685,1,1,2019,7,5,922.0,639
558,26051,1,1,2019,7,12,986.0,640
559,3294,1,1,2019,6,14,719.0,641
560,26154,1,1,2019,7,3,900.0,642
562,26128,1,1,2019,7,5,919.0,644
563,19740,1,1,2019,6,24,813.0,645
564,5,1,1,2019,6,13,710.0,646
565,239,1,1,2019,7,11,979.0,647
566,239,1,1,2019,7,5,916.0,648
567,239,1,1,2019,7,2,892.0,649
568,905,1,1,2019,6,14,718.0,650
569,232,1,1,2019,6,29,864.0,651
570,233,1,1,2019,6,14,716.0,652
571,26117,1,1,2019,6,21,787.0,653
572,233,1,1,2019,6,27,840.0,654
573,485,1,1,2019,7,3,894.0,655
574,3353,1,1,2019,7,3,897.0,656
575,19,1,1,2019,7,6,925.0,657
576,315,1,1,2019,7,7,936.0,658
577,5,1,1,2019,7,3,903.0,659
578,473,1,1,2019,6,30,871.0,660
579,232,1,1,2019,6,29,864.0,661
580,53872,1,1,2019,6,14,716.0,662
581,677,1,1,2019,7,3,903.0,663
582,1209,1,1,2019,6,14,714.0,664
583,1209,1,1,2019,6,17,741.0,665
584,1209,1,1,2019,7,5,914.0,666
585,232,1,1,2019,6,29,864.0,667
586,301,1,1,2019,6,14,715.0,668
589,444,1,1,2019,7,5,918.0,671
590,300,1,1,2019,7,12,987.0,672
591,341,1,1,2019,7,4,912.0,673
592,221,1,1,2019,7,13,996.0,674
593,242,1,1,2019,7,5,919.0,675
594,905,1,1,2019,6,24,814.0,676
595,691,1,1,2019,7,5,919.0,677
596,14570,1,1,2019,6,14,716.0,678
597,14570,1,1,2019,6,15,725.0,679
598,232,1,1,2019,7,3,903.0,680
599,473,1,1,2019,6,29,863.0,681
600,631,1,1,2019,7,3,898.0,682
601,5,1,1,2019,6,14,720.0,683
602,26166,1,1,2019,6,21,786.0,684
603,232,1,1,2019,6,16,738.0,685
604,232,1,1,2019,7,3,903.0,686
605,542,1,1,2019,6,27,844.0,687
606,5,1,1,2019,7,13,999.0,688
607,5,1,1,2019,7,13,994.0,689
610,232,1,1,2019,7,3,903.0,692
611,232,1,1,2019,7,3,903.0,693
612,485,1,1,2019,7,3,894.0,694
613,5,1,1,2019,7,12,987.0,695
614,1209,1,1,2019,7,5,914.0,696
615,315,1,1,2019,7,7,936.0,697
616,301,1,1,2019,7,10,967.0,698
617,26128,1,1,2019,7,5,922.0,699
618,5,1,1,2019,7,7,939.0,700
620,233,1,1,2019,6,18,754.0,702
621,238,1,1,2019,6,17,747.0,703
622,905,1,1,2019,6,15,727.0,704
623,14570,1,1,2019,6,18,753.0,705
624,238,1,1,2019,6,18,753.0,706
626,238,1,1,2019,7,5,919.0,708
627,677,1,1,2019,7,2,892.0,709
628,26212,1,1,2019,6,17,745.0,710
629,238,1,1,2019,6,16,734.0,711
630,26128,1,1,2019,7,5,922.0,712
632,671,1,1,2019,7,5,920.0,714
633,596,1,1,2019,7,3,898.0,715
634,905,1,1,2019,7,12,986.0,716
635,238,1,1,2019,7,2,893.0,717
637,1822,1,1,2019,7,4,912.0,719
638,473,1,1,2019,7,10,969.0,720
639,26060,1,1,2019,7,4,912.0,721
640,10731,1,1,2019,7,3,903.0,722
641,233,1,1,2019,7,6,927.0,723
642,17,1,1,2019,7,3,897.0,724
643,564,1,1,2019,6,29,861.0,725
644,677,1,1,2019,7,3,903.0,726
645,415,1,1,2019,7,6,931.0,727
646,238,1,1,2019,7,3,901.0,728
647,308,1,1,2019,7,5,919.0,729
648,691,1,1,2019,7,5,919.0,730
649,232,1,1,2019,6,19,768.0,731
650,269,1,1,2019,6,27,840.0,732
651,242,1,1,2019,7,10,966.0,733
652,10731,1,1,2019,7,12,981.0,734
653,26117,1,1,2019,6,17,746.0,735
654,238,1,1,2019,6,18,753.0,736
655,233,1,1,2019,7,6,927.0,737
656,19,1,1,2019,6,19,766.0,738
657,905,1,1,2019,6,20,776.0,739
658,905,1,1,2019,6,24,813.0,740
659,238,1,1,2019,6,19,759.0,741
660,427,1,1,2019,6,18,758.0,742
661,671,1,1,2019,7,5,920.0,743
662,3,1,1,2019,7,11,976.0,744
663,631,1,1,2019,7,3,898.0,745
664,232,1,1,2019,7,1,878.0,746
665,232,1,1,2019,6,18,758.0,747
666,232,1,1,2019,7,1,878.0,748
667,232,1,1,2019,7,3,903.0,749
668,1209,1,1,2019,7,3,899.0,750
669,423,1,1,2019,6,20,777.0,751
670,232,1,1,2019,7,3,903.0,752
671,212,1,1,2019,6,23,800.0,753
672,7,1,1,2019,7,13,995.0,754
673,1209,1,1,2019,7,5,917.0,755
674,19,1,1,2019,7,4,910.0,756
675,473,1,1,2019,6,18,755.0,757
676,473,1,1,2019,7,6,931.0,758
678,315,1,1,2019,7,7,936.0,760
679,238,1,1,2019,7,3,897.0,761
682,26122,1,1,2019,7,5,918.0,764
683,232,1,1,2019,6,29,864.0,765
684,232,1,1,2019,7,3,903.0,766
685,631,1,1,2019,6,25,821.0,767
686,5,1,1,2019,7,13,992.0,768
687,316,1,1,2019,6,21,785.0,769
688,3533,1,1,2019,7,6,926.0,770
689,26128,1,1,2019,7,4,909.0,771
690,26122,1,1,2019,7,5,918.0,772
691,232,1,1,2019,6,22,792.0,773
692,233,1,1,2019,7,6,927.0,774
694,233,1,1,2019,6,20,777.0,776
695,233,1,1,2019,7,6,927.0,777
696,685,1,1,2019,7,4,912.0,778
697,232,1,1,2019,6,21,784.0,779
698,232,1,1,2019,6,20,775.0,780
699,691,1,1,2019,7,5,919.0,781
700,2,1,1,2019,7,13,994.0,782
701,232,1,1,2019,6,25,820.0,783
702,232,1,1,2019,6,25,820.0,784
703,564,1,1,2019,7,3,898.0,785
704,631,1,1,2019,7,2,892.0,786
706,232,1,1,2019,7,1,878.0,788
708,232,1,1,2019,6,28,853.0,790
709,232,1,1,2019,6,19,766.0,791
710,232,1,1,2019,6,21,785.0,792
720,415,1,1,2019,7,6,923.0,802
721,232,1,1,2019,6,20,772.0,803
722,212,1,1,2019,6,21,784.0,804
723,233,1,1,2019,6,21,787.0,805
724,341,1,1,2019,7,5,919.0,806
725,26128,1,1,2019,6,23,799.0,807
726,238,1,1,2019,7,5,919.0,808
727,1209,1,1,2019,6,23,803.0,809
728,595,1,1,2019,7,10,964.0,810
729,232,1,1,2019,7,3,903.0,811
730,315,1,1,2019,7,7,936.0,812
731,542,1,1,2019,7,2,889.0,813
732,213,1,1,2019,7,9,959.0,814
733,232,1,1,2019,7,9,961.0,815
734,677,1,1,2019,7,13,995.0,816
735,1209,1,1,2019,6,26,831.0,817
736,2,1,1,2019,7,10,968.0,818
737,423,1,1,2019,6,22,791.0,819
738,487,1,1,2019,6,23,803.0,820
739,239,1,1,2019,7,13,998.0,821
741,905,1,1,2019,6,24,814.0,823
742,232,1,1,2019,7,9,961.0,824
743,242,1,1,2019,7,13,1000.0,825
744,473,1,1,2019,6,23,806.0,826
746,271,1,1,2019,6,24,816.0,828
747,1209,1,1,2019,7,4,913.0,829
748,233,1,1,2019,6,26,831.0,830
750,26144,1,1,2019,6,21,787.0,832
751,208,1,1,2019,7,11,979.0,833
752,26122,1,1,2019,7,5,918.0,834
753,26144,1,1,2019,6,21,783.0,835
755,1238,1,1,2019,6,24,813.0,837
756,26144,1,1,2019,6,24,813.0,838
757,53934,1,1,2019,7,4,912.0,839
758,691,1,1,2019,7,5,919.0,840
759,631,1,1,2019,7,12,989.0,841
760,473,1,1,2019,7,8,947.0,842
761,2,1,1,2019,7,11,978.0,843
762,542,1,1,2019,6,27,844.0,844
763,5,1,1,2019,7,11,978.0,845
764,473,1,1,2019,6,25,820.0,846
765,5,1,1,2019,7,11,979.0,847
766,232,1,1,2019,6,28,853.0,848
767,301,1,1,2019,6,23,803.0,849
768,232,1,1,2019,6,26,831.0,850
769,26212,1,1,2019,7,6,927.0,851
770,1209,1,1,2019,7,2,892.0,852
771,260,1,1,2019,7,2,891.0,853
772,26128,1,1,2019,6,22,792.0,854
773,238,1,1,2019,6,27,843.0,855
774,316,1,1,2019,6,25,825.0,856
775,212,1,1,2019,6,23,803.0,857
777,6625,1,1,2019,6,24,811.0,859
778,219,1,1,2019,6,28,851.0,860
780,26117,1,1,2019,6,24,812.0,862
781,232,1,1,2019,6,28,853.0,863
782,232,1,1,2019,7,9,961.0,864
783,487,1,1,2019,7,5,914.0,865
785,232,1,1,2019,6,25,825.0,867
786,26212,1,1,2019,7,1,883.0,868
787,238,1,1,2019,7,2,893.0,869
788,2,1,1,2019,7,13,997.0,870
795,232,1,1,2019,6,28,851.0,877
796,595,1,1,2019,7,7,936.0,878
797,595,1,1,2019,7,7,936.0,879
798,26128,1,1,2019,7,5,922.0,880
799,212,1,1,2019,6,24,811.0,881
800,26117,1,1,2019,6,25,824.0,882
801,212,1,1,2019,6,24,816.0,883
802,212,1,1,2019,6,24,810.0,884
803,233,1,1,2019,6,27,841.0,885
804,233,1,1,2019,6,26,831.0,886
807,232,1,1,2019,7,3,903.0,889
808,53940,1,1,2019,7,5,917.0,890
810,330,1,1,2019,7,12,989.0,892
811,26128,1,1,2019,7,5,922.0,893
812,300,1,1,2019,6,25,821.0,894
813,5,1,1,2019,7,12,987.0,895
814,691,1,1,2019,7,5,919.0,896
815,905,1,1,2019,6,26,831.0,897
817,905,1,1,2019,6,25,825.0,899
818,905,1,1,2019,6,25,825.0,900
819,300,1,1,2019,7,12,987.0,901
821,631,1,1,2019,6,30,868.0,903
822,10,1,1,2019,7,9,955.0,904
823,10,1,1,2019,6,27,841.0,905
824,10,1,1,2019,6,27,841.0,906
825,10,1,1,2019,6,27,841.0,907
826,10,1,1,2019,6,27,841.0,908
827,10,1,1,2019,6,27,841.0,909
828,10,1,1,2019,7,1,881.0,910
829,10,1,1,2019,6,27,841.0,911
830,10,1,1,2019,6,27,841.0,912
831,10,1,1,2019,6,27,841.0,913
832,26117,1,1,2019,7,3,898.0,914
833,26117,1,1,2019,6,30,868.0,915
834,232,1,1,2019,7,3,898.0,916
835,271,1,1,2019,7,7,936.0,917
836,19,1,1,2019,6,28,849.0,918
837,233,1,1,2019,7,5,919.0,919
838,26128,1,1,2019,7,5,919.0,920
839,2,1,1,2019,7,11,980.0,921
840,26128,1,1,2019,7,6,923.0,922
842,330,1,1,2019,7,12,989.0,924
844,271,1,1,2019,6,26,830.0,926
845,354,1,1,2019,7,3,901.0,927
847,238,1,1,2019,7,3,903.0,929
848,242,1,1,2019,7,10,966.0,930
849,631,1,1,2019,7,7,936.0,931
850,677,1,1,2019,6,26,831.0,932
851,233,1,1,2019,7,6,927.0,933
852,233,1,1,2019,7,6,927.0,934
853,905,1,1,2019,6,27,842.0,935
854,905,1,1,2019,6,27,842.0,936
855,233,1,1,2019,7,6,927.0,937
856,233,1,1,2019,6,29,855.0,938
857,239,1,1,2019,7,3,898.0,939
858,26128,1,1,2019,6,28,852.0,940
859,677,1,1,2019,7,3,903.0,941
860,2,1,1,2019,7,10,968.0,942
861,233,1,1,2019,7,6,927.0,943
866,219,1,1,2019,6,28,851.0,948
867,14570,1,1,2019,6,28,852.0,949
868,677,1,1,2019,6,28,849.0,950
869,19,1,1,2019,6,28,854.0,951
870,232,1,1,2019,6,27,841.0,952
871,53992,1,1,2019,6,28,848.0,953
872,415,1,1,2019,7,6,931.0,954
873,473,1,1,2019,6,27,844.0,955
874,415,1,1,2019,7,6,931.0,956
875,26121,1,1,2019,7,1,880.0,957
876,271,1,1,2019,7,5,918.0,958
877,232,1,1,2019,6,28,853.0,959
878,271,1,1,2019,6,29,863.0,960
879,26070,1,1,2019,7,4,911.0,961
880,233,1,1,2019,7,6,927.0,962
881,677,1,1,2019,7,3,903.0,963
882,382,1,1,2019,6,30,870.0,964
883,677,1,1,2019,6,30,870.0,965
886,53992,1,1,2019,6,29,863.0,968
887,26128,1,1,2019,7,3,903.0,969
888,26128,1,1,2019,7,3,903.0,970
890,691,1,1,2019,7,5,919.0,972
891,232,1,1,2019,7,1,879.0,973
892,14570,1,1,2019,7,1,879.0,974
893,300,1,1,2019,7,2,887.0,975
894,691,1,1,2019,7,5,919.0,976
895,4680,1,1,2019,7,13,997.0,977
896,473,1,1,2019,7,12,981.0,978
897,232,1,1,2019,6,28,855.0,979
900,2,1,1,2019,7,13,1000.0,982
901,2,1,1,2019,7,13,995.0,983
902,233,1,1,2019,7,6,927.0,984
903,26128,1,1,2019,7,3,903.0,985
905,415,1,1,2019,7,13,999.0,987
906,206,1,1,2019,7,9,956.0,988
907,423,1,1,2019,7,1,879.0,989
908,427,1,1,2019,6,29,860.0,990
909,427,1,1,2019,7,3,898.0,991
910,427,1,1,2019,7,4,910.0,992
911,671,1,1,2019,7,5,916.0,993
912,254,1,1,2019,7,7,937.0,994
913,671,1,1,2019,7,5,916.0,995
914,232,1,1,2019,7,4,911.0,996
915,232,1,1,2019,7,1,879.0,997
916,212,1,1,2019,7,1,879.0,998
917,233,1,1,2019,7,6,927.0,999
919,19,1,1,2019,7,5,922.0,1001
920,232,1,1,2019,7,9,961.0,1002
921,232,1,1,2019,7,1,875.0,1003
922,17,1,1,2019,7,4,908.0,1004
923,232,1,1,2019,7,9,961.0,1005
924,242,1,1,2019,7,10,966.0,1006
925,415,1,1,2019,7,11,979.0,1007
926,415,1,1,2019,7,9,957.0,1008
927,5,1,1,2019,7,3,899.0,1009
928,13693,1,1,2019,7,4,907.0,1010
929,26212,1,1,2019,6,30,873.0,1011
930,3434,1,1,2019,7,3,902.0,1012
931,564,1,1,2019,7,3,902.0,1013
932,671,1,1,2019,7,5,920.0,1014
933,26060,1,1,2019,7,6,932.0,1015
934,691,1,1,2019,7,5,919.0,1016
935,473,1,1,2019,6,30,872.0,1017
936,212,1,1,2019,7,2,890.0,1018
937,233,1,1,2019,7,6,927.0,1019
938,19,1,1,2019,7,5,916.0,1020
939,1209,1,1,2019,7,3,899.0,1021
940,330,1,1,2019,7,6,930.0,1022
941,5,1,1,2019,7,12,984.0,1023
943,212,1,1,2019,7,3,902.0,1025
945,5,1,1,2019,7,10,964.0,1027
946,18,1,1,2019,7,13,995.0,1028
947,26212,1,1,2019,7,2,892.0,1029
948,473,1,1,2019,7,6,931.0,1030
949,3434,1,1,2019,7,3,902.0,1031
950,232,1,1,2019,7,3,903.0,1032
951,233,1,1,2019,7,6,927.0,1033
952,239,1,1,2019,7,3,902.0,1034
953,239,1,1,2019,7,5,916.0,1035
954,5,1,1,2019,7,13,998.0,1036
956,2,1,1,2019,7,13,994.0,1038
957,509,1,1,2019,7,1,883.0,1039
958,354,1,1,2019,7,3,901.0,1040
959,206,1,1,2019,7,2,891.0,1041
960,677,1,1,2019,7,4,908.0,1042
961,26128,1,1,2019,7,2,892.0,1043
962,239,1,1,2019,7,11,979.0,1044
963,885,1,1,2019,7,4,910.0,1045
964,362,1,1,2019,7,3,896.0,1046
965,232,1,1,2019,7,3,898.0,1047
966,26128,1,1,2019,7,3,903.0,1048
967,542,1,1,2019,7,2,892.0,1049
968,631,1,1,2019,7,2,892.0,1050
969,19,1,1,2019,7,1,881.0,1051
970,19,1,1,2019,7,4,907.0,1052
971,1209,1,1,2019,7,4,913.0,1053
974,3434,1,1,2019,7,5,916.0,1056
975,232,1,1,2019,7,2,889.0,1057
976,26212,1,1,2019,7,7,936.0,1058
977,457,1,1,2019,7,3,901.0,1059
978,341,1,1,2019,7,5,919.0,1060
979,3136,1,1,2019,7,3,903.0,1061
980,884,1,1,2019,7,2,892.0,1062
981,26212,1,1,2019,7,3,898.0,1063
982,300,1,1,2019,7,3,896.0,1064
984,5,1,1,2019,7,13,999.0,1066
985,212,1,1,2019,7,3,898.0,1067
986,457,1,1,2019,7,5,922.0,1068
987,3388,1,1,2019,7,4,910.0,1069
988,3,1,1,2019,7,11,979.0,1070
989,344,1,1,2019,7,2,891.0,1071
990,242,1,1,2019,7,2,888.0,1072
991,13693,1,1,2019,7,4,912.0,1073
992,242,1,1,2019,7,12,989.0,1074
993,1209,1,1,2019,7,3,898.0,1075
994,1209,1,1,2019,7,3,899.0,1076
995,631,1,1,2019,7,12,989.0,1077
996,457,1,1,2019,7,3,901.0,1078
997,341,1,1,2019,7,4,908.0,1079
998,509,1,1,2019,7,8,951.0,1080
1000,26154,1,1,2019,7,3,900.0,1082
1001,239,1,1,2019,7,5,921.0,1083
1002,485,1,1,2019,7,3,902.0,1084
1003,677,1,1,2019,7,3,898.0,1085
1004,595,1,1,2019,7,8,947.0,1086
1005,271,1,1,2019,7,10,966.0,1087
1006,232,1,1,2019,7,3,898.0,1088
1007,232,1,1,2019,7,3,898.0,1089
1008,26154,1,1,2019,7,3,903.0,1090
1009,671,1,1,2019,7,5,920.0,1091
1010,233,1,1,2019,7,6,927.0,1092
1012,3136,1,1,2019,7,3,899.0,1094
1013,316,1,1,2019,7,3,902.0,1095
1014,26040,1,1,2019,7,5,914.0,1096
1015,267,1,1,2019,7,3,899.0,1097
1016,636,1,1,2019,7,4,905.0,1098
1017,267,1,1,2019,7,2,893.0,1099
1018,473,1,1,2019,7,12,981.0,1100
1019,636,1,1,2019,7,4,905.0,1101
1020,283,1,1,2019,7,13,998.0,1102
1021,250,1,1,2019,7,13,998.0,1103
1022,485,1,1,2019,7,3,899.0,1104
1023,6140,1,1,2019,7,4,908.0,1105
1024,423,1,1,2019,7,3,898.0,1106
1025,170873,1,1,2019,7,3,898.0,1107
1026,636,1,1,2019,7,4,905.0,1108
1027,3533,1,1,2019,7,6,926.0,1109
1028,3533,1,1,2019,7,6,926.0,1110
1029,233,1,1,2019,7,6,927.0,1111
1030,271,1,1,2019,7,13,998.0,1112
1031,232,1,1,2019,7,3,899.0,1113
1033,331,1,1,2019,7,4,908.0,1115
1034,238,1,1,2019,7,5,919.0,1116
1036,1822,1,1,2019,7,10,969.0,1118
1037,1209,1,1,2019,7,3,899.0,1119
1038,636,1,1,2019,7,4,908.0,1120
1039,26212,1,1,2019,7,3,899.0,1121
1040,239,1,1,2019,7,5,922.0,1122
1041,3353,1,1,2019,7,4,911.0,1123
1042,362,1,1,2019,7,3,899.0,1124
1043,330,1,1,2019,7,6,930.0,1125
1044,547,1,1,2019,7,3,901.0,1126
1045,53606,1,1,2019,7,3,902.0,1127
1046,596,1,1,2019,7,3,901.0,1128
1047,53940,1,1,2019,7,4,907.0,1129
1049,26128,1,1,2019,7,5,919.0,1131
1050,473,1,1,2019,7,4,903.0,1132
1051,26096,1,1,2019,7,3,899.0,1133
1053,26096,1,1,2019,7,9,955.0,1135
1054,596,1,1,2019,7,3,902.0,1136
1056,19740,1,1,2019,7,5,919.0,1138
1057,232,1,1,2019,7,3,899.0,1139
1058,1209,1,1,2019,7,5,917.0,1140
1059,677,1,1,2019,7,4,911.0,1141
1060,26212,1,1,2019,7,3,902.0,1142
1062,564,1,1,2019,7,3,902.0,1144
1066,26128,1,1,2019,7,6,931.0,1148
1067,691,1,1,2019,7,9,957.0,1149
1068,631,1,1,2019,7,12,989.0,1150
1069,3136,1,1,2019,7,3,899.0,1151
1070,331,1,1,2019,7,5,920.0,1152
1071,1238,1,1,2019,7,3,902.0,1153
1072,10731,1,1,2019,7,12,981.0,1154
1073,3136,1,1,2019,7,3,903.0,1155
1074,26129,1,1,2019,7,8,951.0,1156
1075,238,1,1,2019,7,5,922.0,1157
1076,352,1,1,2019,7,3,900.0,1158
1077,17,1,1,2019,7,4,908.0,1159
1078,206,1,1,2019,7,3,903.0,1160
1079,1209,1,1,2019,7,5,914.0,1161
1080,423,1,1,2019,7,3,902.0,1162
1081,283,1,1,2019,7,5,916.0,1163
1082,206,1,1,2019,7,13,999.0,1164
1083,509,1,1,2019,7,3,903.0,1165
1084,3434,1,1,2019,7,4,911.0,1166
1085,53606,1,1,2019,7,4,907.0,1167
1087,294,1,1,2019,7,4,908.0,1169
1088,18537,1,1,2019,7,6,926.0,1170
1089,212,1,1,2019,7,3,902.0,1171
1090,283,1,1,2019,7,6,929.0,1172
1091,3533,1,1,2019,7,4,910.0,1173
1092,256,1,1,2019,7,3,902.0,1174
1093,5,1,1,2019,7,13,996.0,1175
1094,206,1,1,2019,7,4,911.0,1176
1095,232,1,1,2019,7,9,961.0,1177
1096,352,1,1,2019,7,3,902.0,1178
1097,239,1,1,2019,7,4,911.0,1179
1098,232,1,1,2019,7,3,902.0,1180
1099,294,1,1,2019,7,4,908.0,1181
1100,6140,1,1,2019,7,5,917.0,1182
1102,232,1,1,2019,7,3,901.0,1184
1103,398,1,1,2019,7,4,908.0,1185
1104,398,1,1,2019,7,3,902.0,1186
1105,685,1,1,2019,7,5,922.0,1187
1106,575,1,1,2019,7,5,919.0,1188
1107,294,1,1,2019,7,5,921.0,1189
1108,3136,1,1,2019,7,4,904.0,1190
1109,354,1,1,2019,7,5,919.0,1191
1110,6140,1,1,2019,7,10,970.0,1192
1111,232,1,1,2019,7,3,902.0,1193
1112,26060,1,1,2019,7,4,912.0,1194
1113,457,1,1,2019,7,3,903.0,1195
1115,631,1,1,2019,7,13,1000.0,1197
1116,331,1,1,2019,7,12,984.0,1198
1118,56433,1,1,2019,7,3,902.0,1200
1119,53606,1,1,2019,7,3,902.0,1201
1120,294,1,1,2019,7,5,921.0,1202
1121,238,1,1,2019,7,5,922.0,1203
1122,1209,1,1,2019,7,3,903.0,1204
1123,13693,1,1,2019,7,4,911.0,1205
1124,633,1,1,2019,7,9,957.0,1206
1125,559,1,1,2019,7,5,921.0,1207
1126,122302,1,1,2019,7,4,907.0,1208
1127,15204,1,1,2019,7,9,961.0,1209
1128,325,1,1,2019,7,5,919.0,1210
1129,1238,1,1,2019,7,3,902.0,1211
1130,14930,1,1,2019,7,7,941.0,1212
1131,483,1,1,2019,7,3,902.0,1213
1132,5,1,1,2019,7,13,998.0,1214
1133,53947,1,1,2019,7,3,902.0,1215
1134,26040,1,1,2019,7,5,914.0,1216
1135,56433,1,1,2019,7,3,902.0,1217
1136,26144,1,1,2019,7,3,903.0,1218
1138,53964,1,1,2019,7,3,902.0,1220
1139,26040,1,1,2019,7,5,914.0,1221
1140,26126,1,1,2019,7,3,902.0,1222
1141,26040,1,1,2019,7,5,917.0,1223
1142,576,1,1,2019,7,5,921.0,1224
1143,576,1,1,2019,7,9,956.0,1225
1144,26144,1,1,2019,7,3,902.0,1226
1145,54090,1,1,2019,7,4,910.0,1227
1146,595,1,1,2019,7,6,923.0,1228
1147,595,1,1,2019,7,8,951.0,1229
1148,633,1,1,2019,7,3,903.0,1230
1149,15204,1,1,2019,7,9,961.0,1231
1150,483,1,1,2019,7,4,910.0,1232
1151,233,1,1,2019,7,6,927.0,1233
1152,15204,1,1,2019,7,9,961.0,1234
1153,338,1,1,2019,7,5,917.0,1235
1154,505,1,1,2019,7,4,910.0,1236
1155,54090,1,1,2019,7,4,910.0,1237
1156,26128,1,1,2019,7,6,923.0,1238
1157,15180,1,1,2019,7,10,966.0,1239
1158,1238,1,1,2019,7,3,902.0,1240
1159,532,1,1,2019,7,4,912.0,1241
1160,12400,1,1,2019,7,4,911.0,1242
1161,170889,1,1,2019,7,4,909.0,1243
1162,232,1,1,2019,7,4,911.0,1244
1163,53699,1,1,2019,7,6,929.0,1245
1164,53964,1,1,2019,7,3,902.0,1246
1165,213,1,1,2019,7,4,909.0,1247
1166,53701,1,1,2019,7,3,903.0,1248
1167,26128,1,1,2019,7,5,922.0,1249
1168,677,1,1,2019,7,3,902.0,1250
1169,1209,1,1,2019,7,6,925.0,1251
1170,283,1,1,2019,7,13,999.0,1252
1171,359,1,1,2019,7,11,974.0,1253
1172,3136,1,1,2019,7,3,902.0,1254
1173,1238,1,1,2019,7,6,923.0,1255
1174,25986,1,1,2019,7,11,978.0,1256
1175,15522,1,1,2019,7,12,988.0,1257
1176,26128,1,1,2019,7,6,923.0,1258
1177,53641,1,1,2019,7,12,984.0,1259
1178,26126,1,1,2019,7,12,985.0,1260
1180,18537,1,1,2019,7,11,975.0,1262
1181,3434,1,1,2019,7,5,916.0,1263
1182,26144,1,1,2019,7,3,903.0,1264
1183,398,1,1,2019,7,4,912.0,1265
1184,232,1,1,2019,7,4,911.0,1266
1185,1488,1,1,2019,7,3,902.0,1267
1186,53701,1,1,2019,7,3,903.0,1268
1187,576,1,1,2019,7,3,903.0,1269
1189,15204,1,1,2019,7,9,961.0,1271
1190,352,1,1,2019,7,4,907.0,1272
1191,238,1,1,2019,7,7,936.0,1273
1192,53701,1,1,2019,7,3,902.0,1274
1193,457,1,1,2019,7,6,923.0,1275
1194,25986,1,1,2019,7,4,907.0,1276
1195,15180,1,1,2019,7,5,916.0,1277
1196,485,1,1,2019,7,3,902.0,1278
1197,233,1,1,2019,7,6,927.0,1279
1198,1822,1,1,2019,7,7,936.0,1280
1199,26144,1,1,2019,7,3,902.0,1281
1200,485,1,1,2019,7,3,902.0,1282
1201,25986,1,1,2019,7,4,909.0,1283
1202,42404,1,1,2019,7,4,912.0,1284
1203,238,1,1,2019,7,3,903.0,1285
1204,25986,1,1,2019,7,3,903.0,1286
1205,26129,1,1,2019,7,4,912.0,1287
1206,10,1,1,2019,7,6,927.0,1288
1207,53934,1,1,2019,7,4,912.0,1289
1208,3434,1,1,2019,7,5,922.0,1290
1209,485,1,1,2019,7,3,902.0,1291
1210,3136,1,1,2019,7,3,903.0,1292
1211,1238,1,1,2019,7,4,911.0,1293
1212,485,1,1,2019,7,4,912.0,1294
1213,56240,1,1,2019,7,5,918.0,1295
1214,3434,1,1,2019,7,4,912.0,1296
1215,10731,1,1,2019,7,12,981.0,1297
1216,485,1,1,2019,7,4,912.0,1298
1217,3434,1,1,2019,7,8,950.0,1299
1218,26144,1,1,2019,7,3,902.0,1300
1219,3136,1,1,2019,7,3,903.0,1301
1220,56407,1,1,2019,7,13,999.0,1302
1221,53701,1,1,2019,7,3,903.0,1303
1222,26144,1,1,2019,7,3,903.0,1304
1223,232,1,1,2019,7,4,911.0,1305
1224,352,1,1,2019,7,3,903.0,1306
1225,15180,1,1,2019,7,5,913.0,1307
1226,562,1,1,2019,7,3,903.0,1308
1227,53964,1,1,2019,7,3,903.0,1309
1228,633,1,1,2019,7,8,947.0,1310
1229,212,1,1,2019,7,3,903.0,1311
1230,53701,1,1,2019,7,4,912.0,1312
1231,20011,1,1,2019,7,3,903.0,1313
1232,354,1,1,2019,7,5,920.0,1314
1233,485,1,1,2019,7,4,912.0,1315
1234,53701,1,1,2019,7,3,903.0,1316
1235,26129,1,1,2019,7,4,912.0,1317
1236,39701,1,1,2019,7,5,921.0,1318
1237,3136,1,1,2019,7,3,903.0,1319
1238,26144,1,1,2019,7,3,903.0,1320
1239,26144,1,1,2019,7,4,908.0,1321
1241,19,1,1,2019,7,8,947.0,1323
1242,212,1,1,2019,7,3,903.0,1324
1243,267,1,1,2019,7,3,902.0,1325
1244,25986,1,1,2019,7,4,907.0,1326
1245,232,1,1,2019,7,4,911.0,1327
1246,267,1,1,2019,7,4,908.0,1328
1247,239,1,1,2019,7,6,928.0,1329
1248,505,1,1,2019,7,4,909.0,1330
1249,26128,1,1,2019,7,6,923.0,1331
1250,294,1,1,2019,7,5,921.0,1332
1251,53872,1,1,2019,7,3,903.0,1333
1252,633,1,1,2019,7,4,908.0,1334
1253,633,1,1,2019,7,3,903.0,1335
1254,25986,1,1,2019,7,3,903.0,1336
1255,377,1,1,2019,7,5,918.0,1337
1256,485,1,1,2019,7,4,910.0,1338
1257,26154,1,1,2019,7,8,946.0,1339
1258,1238,1,1,2019,7,4,910.0,1340
1259,26127,1,1,2019,7,7,936.0,1341
1260,26154,1,1,2019,7,4,907.0,1342
1261,691,1,1,2019,7,9,957.0,1343
1262,53958,1,1,2019,7,3,903.0,1344
1263,232,1,1,2019,7,4,911.0,1345
1265,3533,1,1,2019,7,4,912.0,1347
1266,677,1,1,2019,7,5,914.0,1348
1267,298,1,1,2019,7,5,916.0,1349
1268,338,1,1,2019,7,5,917.0,1350
1269,271,1,1,2019,7,3,903.0,1351
1270,232,1,1,2019,7,4,912.0,1352
1271,170854,1,1,2019,7,4,907.0,1353
1272,213,1,1,2019,7,4,909.0,1354
1273,26128,1,1,2019,7,5,919.0,1355
1274,473,1,1,2019,7,6,932.0,1356
1275,53964,1,1,2019,7,3,903.0,1357
1276,26144,1,1,2019,7,3,903.0,1358
1277,25986,1,1,2019,7,12,987.0,1359
1278,55158,1,1,2019,7,7,939.0,1360
1279,3434,1,1,2019,7,3,903.0,1361
1280,3136,1,1,2019,7,4,909.0,1362
1281,1822,1,1,2019,7,9,956.0,1363
1282,3434,1,1,2019,7,4,906.0,1364
1283,26144,1,1,2019,7,4,907.0,1365
1284,271,1,1,2019,7,5,918.0,1366
1285,3533,1,1,2019,7,6,926.0,1367
1286,26128,1,1,2019,7,5,919.0,1368
1288,256,1,1,2019,7,4,909.0,1370
1289,338,1,1,2019,7,5,913.0,1371
1290,1115,1,1,2019,7,4,909.0,1372
1291,4680,1,1,2019,7,13,999.0,1373
1292,232,1,1,2019,7,4,912.0,1374
1294,271,1,1,2019,7,5,918.0,1376
1295,232,1,1,2019,7,5,918.0,1377
1296,398,1,1,2019,7,5,921.0,1378
1297,232,1,1,2019,7,5,923.0,1379
1298,10731,1,1,2019,7,12,981.0,1380
1299,53889,1,1,2019,7,5,919.0,1381
1300,636,1,1,2019,7,4,910.0,1382
1301,26212,1,1,2019,7,4,907.0,1383
1302,239,1,1,2019,7,9,956.0,1384
1303,3136,1,1,2019,7,4,907.0,1385
1304,15180,1,1,2019,7,5,917.0,1386
1305,54090,1,1,2019,7,4,910.0,1387
1306,56240,1,1,2019,7,5,918.0,1388
1307,3434,1,1,2019,7,6,927.0,1389
1308,53606,1,1,2019,7,10,970.0,1390
1309,53934,1,1,2019,7,4,911.0,1391
1310,56433,1,1,2019,7,7,937.0,1392
1311,42404,1,1,2019,7,4,912.0,1393
1312,25986,1,1,2019,7,12,987.0,1394
1313,232,1,1,2019,7,4,911.0,1395
1314,26122,1,1,2019,7,7,941.0,1396
1315,271,1,1,2019,7,10,966.0,1397
1316,25986,1,1,2019,7,12,987.0,1398
1317,26122,1,1,2019,7,7,941.0,1399
1318,26212,1,1,2019,7,4,908.0,1400
1319,53606,1,1,2019,7,10,970.0,1401
1321,395,1,1,2019,7,4,909.0,1403
1322,26128,1,1,2019,7,5,922.0,1404
1323,13693,1,1,2019,7,5,914.0,1405
1324,325,1,1,2019,7,5,919.0,1406
1325,233,1,1,2019,7,6,927.0,1407
1326,338,1,1,2019,7,4,911.0,1408
1327,344,1,1,2019,7,9,952.0,1409
1328,55158,1,1,2019,7,9,956.0,1410
1329,464,1,1,2019,7,9,956.0,1411
1330,53699,1,1,2019,7,4,911.0,1412
1331,541,1,1,2019,7,4,911.0,1413
1332,232,1,1,2019,7,5,919.0,1414
1333,457,1,1,2019,7,5,914.0,1415
1334,352,1,1,2019,7,5,914.0,1416
1335,624,1,1,2019,7,5,914.0,1417
1336,212,1,1,2019,7,5,922.0,1418
1337,330,1,1,2019,7,5,914.0,1419
1338,26212,1,1,2019,7,11,976.0,1420
1339,17,1,1,2019,7,5,919.0,1421
1340,14579,1,1,2019,7,5,919.0,1422
1341,20088,1,1,2019,7,4,910.0,1423
1343,612,1,1,2019,7,4,910.0,1425
1344,54307,1,1,2019,7,5,917.0,1426
1345,14488,1,1,2019,7,5,919.0,1427
1346,170890,1,1,2019,7,5,914.0,1428
1347,170336,1,1,2019,7,4,911.0,1429
1348,26051,1,0,2019,7,4,908.0,1430
1349,955,1,1,2019,7,5,918.0,1431
1350,26051,1,1,2019,7,13,998.0,1432
1351,341,1,1,2019,7,6,926.0,1433
1353,3533,1,1,2019,7,5,914.0,1435
1354,300,1,1,2019,7,4,909.0,1436
1355,26204,1,1,2019,7,4,909.0,1437
1356,1822,1,1,2019,7,9,959.0,1438
1357,6134,1,1,2019,7,4,910.0,1439
1358,302,1,1,2019,7,5,917.0,1440
1359,300,1,1,2019,7,4,911.0,1441
1360,42404,1,1,2019,7,4,912.0,1442
1362,341,1,1,2019,7,4,913.0,1444
1363,170889,1,1,2019,7,4,909.0,1445
1365,326,1,1,2019,7,4,912.0,1447
1367,398,1,1,2019,7,4,912.0,1449
1368,586,1,1,2019,7,8,947.0,1450
1369,3533,1,1,2019,7,6,926.0,1451
1370,564,1,1,2019,7,4,913.0,1452
1371,122302,1,1,2019,7,4,909.0,1453
1372,232,1,1,2019,7,5,917.0,1454
1373,232,1,1,2019,7,5,917.0,1455
1374,232,1,1,2019,7,5,923.0,1456
1375,319,1,1,2019,7,4,909.0,1457
1376,53934,1,1,2019,7,11,977.0,1458
1377,885,1,1,2019,7,4,910.0,1459
1378,319,1,1,2019,7,4,909.0,1460
1379,25986,1,1,2019,7,5,917.0,1461
1380,331,1,1,2019,7,5,920.0,1462
1381,25986,1,1,2019,7,4,912.0,1463
1383,398,1,1,2019,7,5,917.0,1465
1384,213,1,1,2019,7,5,918.0,1466
1386,56433,1,1,2019,7,4,912.0,1468
1388,330,1,1,2019,7,6,930.0,1470
1389,319,1,1,2019,7,4,912.0,1471
1390,20088,1,1,2019,7,4,912.0,1472
1391,319,1,1,2019,7,4,912.0,1473
1392,232,1,1,2019,7,5,917.0,1474
1393,283,1,1,2019,7,5,917.0,1475
1394,271,1,1,2019,7,10,966.0,1476
1395,53964,1,1,2019,7,5,914.0,1477
1397,55158,1,1,2019,7,7,939.0,1479
1398,3434,1,1,2019,7,6,927.0,1480
1399,14579,1,1,2019,7,5,920.0,1481
1401,54307,1,1,2019,7,5,917.0,1483
1402,1822,1,1,2019,7,10,966.0,1484
1403,631,1,1,2019,7,11,980.0,1485
1404,10,1,1,2019,7,8,948.0,1486
1406,223,1,1,2019,7,11,979.0,1488
1407,674,1,1,2019,7,4,912.0,1489
1408,267,1,1,2019,7,5,920.0,1490
1409,427,1,1,2019,7,4,912.0,1491
1411,3382,1,1,2019,7,6,930.0,1493
1412,19,1,1,2019,7,8,950.0,1494
1413,775,1,1,2019,7,6,923.0,1495
1414,26111,1,1,2019,7,8,948.0,1496
1416,1209,1,1,2019,7,5,917.0,1498
1417,25986,1,1,2019,7,5,917.0,1499
1418,473,1,1,2019,7,4,912.0,1500
1419,753,1,1,2019,7,12,985.0,1501
1420,56240,1,1,2019,7,5,918.0,1502
1421,338,1,1,2019,7,13,1000.0,1503
1422,18537,1,1,2019,7,11,975.0,1504
1423,509,1,1,2019,7,4,911.0,1505
1424,575,1,1,2019,7,5,914.0,1506
1425,877,1,1,2019,7,11,978.0,1507
1426,15522,1,1,2019,7,5,914.0,1508
1427,3533,1,1,2019,7,6,926.0,1509
1428,1209,1,1,2019,7,8,948.0,1510
1429,14549,1,1,2019,7,4,910.0,1511
1430,629,1,1,2019,7,4,910.0,1512
1431,232,1,1,2019,7,8,948.0,1513
1432,372,1,1,2019,7,5,921.0,1514
1433,19,1,1,2019,7,13,996.0,1515
1434,341,1,1,2019,7,6,931.0,1516
1435,232,1,1,2019,7,5,917.0,1517
1436,54090,1,1,2019,7,5,915.0,1518
1437,464,1,1,2019,7,5,919.0,1519
1438,1488,1,1,2019,7,5,914.0,1520
1439,25986,1,1,2019,7,8,948.0,1521
1440,354,1,1,2019,7,11,978.0,1522
1441,505,1,1,2019,7,5,914.0,1523
1442,1209,1,1,2019,7,5,919.0,1524
1443,671,1,1,2019,7,5,920.0,1525
1444,12400,1,1,2019,7,4,912.0,1526
1445,473,1,1,2019,7,8,947.0,1527
1446,319,1,1,2019,7,4,911.0,1528
1447,473,1,1,2019,7,4,911.0,1529
1449,691,1,1,2019,7,5,919.0,1531
1450,636,1,1,2019,7,4,913.0,1532
1451,13693,1,1,2019,7,5,919.0,1533
1452,3136,1,1,2019,7,5,916.0,1534
1453,26154,1,1,2019,7,5,922.0,1535
1454,53934,1,1,2019,7,5,913.0,1536
1455,485,1,1,2019,7,5,916.0,1537
1456,53699,1,1,2019,7,5,913.0,1538
1458,5,1,1,2019,7,4,911.0,1540
1459,636,1,1,2019,7,5,914.0,1541
1460,576,1,1,2019,7,6,930.0,1542
1461,444,1,1,2019,7,5,918.0,1543
1462,250,1,1,2019,7,13,998.0,1544
1463,13693,1,1,2019,7,5,917.0,1545
1464,576,1,1,2019,7,9,956.0,1546
1465,53701,1,1,2019,7,4,912.0,1547
1466,3495,1,1,2019,7,5,920.0,1548
1467,3382,1,1,2019,7,4,913.0,1549
1468,428,1,1,2019,7,12,984.0,1550
1469,53958,1,1,2019,7,5,914.0,1551
1470,53699,1,1,2019,7,8,949.0,1552
1471,576,1,1,2019,7,5,921.0,1553
1472,53958,1,1,2019,7,5,914.0,1554
1473,344,1,1,2019,7,9,952.0,1555
1475,19,1,1,2019,7,6,925.0,1557
1476,233,1,1,2019,7,6,927.0,1558
1477,457,1,1,2019,7,5,922.0,1559
1478,25986,1,1,2019,7,4,912.0,1560
1479,18,1,1,2019,7,14,1000.0,1561
1480,55158,1,1,2019,7,7,939.0,1562
1481,15180,1,1,2019,7,5,917.0,1563
1482,595,1,1,2019,7,6,928.0,1564
1483,232,1,1,2019,7,9,961.0,1565
1484,26095,1,1,2019,7,5,922.0,1566
1485,53641,1,1,2019,7,8,945.0,1567
1486,26127,1,1,2019,7,7,936.0,1568
1487,485,1,1,2019,7,5,916.0,1569
1488,3136,1,1,2019,7,5,917.0,1570
1489,398,1,1,2019,7,5,917.0,1571
1490,25986,1,1,2019,7,5,917.0,1572
1491,485,1,1,2019,7,5,917.0,1573
1492,26122,1,1,2019,7,12,989.0,1574
1493,532,1,1,2019,7,5,917.0,1575
1494,26122,1,1,2019,7,6,932.0,1576
1495,25986,1,1,2019,7,11,972.0,1577
1496,5,1,1,2019,7,9,958.0,1578
1497,42404,1,1,2019,7,5,918.0,1579
1498,624,1,1,2019,7,6,931.0,1580
1499,3533,1,1,2019,7,6,926.0,1581
1500,212,1,1,2019,7,5,919.0,1582
1501,39701,1,1,2019,7,5,921.0,1583
1502,26060,1,1,2019,7,5,917.0,1584
1503,26204,1,1,2019,7,12,984.0,1585
1504,4680,1,1,2019,7,6,930.0,1586
1505,25986,1,1,2019,7,11,972.0,1587
1506,687,1,1,2019,7,8,951.0,1588
1507,687,1,1,2019,7,5,922.0,1589
1508,238,1,1,2019,7,5,922.0,1590
1509,26128,1,1,2019,7,5,918.0,1591
1510,15316,1,1,2019,7,5,916.0,1592
1511,3434,1,1,2019,7,5,917.0,1593
1512,202,1,1,2019,7,13,996.0,1594
1513,42404,1,1,2019,7,9,958.0,1595
1514,280,1,1,2019,7,13,996.0,1596
1515,473,1,1,2019,7,8,947.0,1597
1516,341,1,1,2019,7,6,927.0,1598
1517,283,1,1,2019,7,5,919.0,1599
1518,505,1,1,2019,7,4,913.0,1600
1519,250,1,1,2019,7,13,998.0,1601
1520,13693,1,1,2019,7,9,958.0,1602
1521,25986,1,1,2019,7,5,917.0,1603
1522,485,1,1,2019,7,5,917.0,1604
1523,331,1,1,2019,7,12,984.0,1605
1525,485,1,1,2019,7,5,916.0,1607
1526,338,1,1,2019,7,5,917.0,1608
1527,280,1,1,2019,7,5,917.0,1609
1528,26122,1,1,2019,7,6,932.0,1610
1529,581,1,1,2019,7,6,931.0,1611
1530,485,1,1,2019,7,5,916.0,1612
1531,26095,1,1,2019,7,6,932.0,1613
1532,26040,1,1,2019,7,13,998.0,1614
1533,3434,1,1,2019,7,6,927.0,1615
1539,25986,1,1,2019,7,11,972.0,1621
1540,3434,1,1,2019,7,5,916.0,1622
1541,487,1,1,2019,7,6,923.0,1623
1542,677,1,1,2019,7,5,918.0,1624
1543,26128,1,1,2019,7,5,922.0,1625
1544,10731,1,1,2019,7,12,982.0,1626
1545,485,1,1,2019,7,5,918.0,1627
1546,54090,1,1,2019,7,5,922.0,1628
1547,26212,1,1,2019,7,11,976.0,1629
1548,3436,1,1,2019,7,5,919.0,1630
1549,239,1,1,2019,7,5,918.0,1631
1550,239,1,1,2019,7,5,922.0,1632
1551,354,1,1,2019,7,6,926.0,1633
1552,352,1,1,2019,7,5,918.0,1634
1553,3434,1,1,2019,7,6,926.0,1635
1555,15522,1,1,2019,7,5,918.0,1637
1556,15180,1,1,2019,7,5,917.0,1638
1557,559,1,1,2019,7,5,922.0,1639
1558,359,1,1,2019,7,5,919.0,1640
1559,26095,1,1,2019,7,5,916.0,1641
1560,612,1,1,2019,7,5,920.0,1642
1561,14878,1,1,2019,7,12,989.0,1643
1562,13693,1,1,2019,7,5,919.0,1644
1563,170889,1,1,2019,7,10,966.0,1645
1564,586,1,1,2019,7,6,932.0,1646
1565,576,1,1,2019,7,5,919.0,1647
1566,13693,1,1,2019,7,5,918.0,1648
1567,56433,1,1,2019,7,5,917.0,1649
1568,170336,1,1,2019,7,5,922.0,1650
1569,3436,1,1,2019,7,6,928.0,1651
1570,3362,1,1,2019,7,5,922.0,1652
1571,232,1,1,2019,7,9,961.0,1653
1572,310,1,1,2019,7,7,939.0,1654
1573,53606,1,1,2019,7,5,919.0,1655
1574,18537,1,1,2019,7,5,917.0,1656
1575,232,1,1,2019,7,9,961.0,1657
1576,384,1,1,2019,7,5,917.0,1658
1577,271,1,1,2019,7,5,921.0,1659
1578,372,1,1,2019,7,5,922.0,1660
1579,53934,1,1,2019,7,11,979.0,1661
1580,53873,1,1,2019,7,5,921.0,1662
1581,26212,1,1,2019,7,5,919.0,1663
1582,19,1,1,2019,7,6,925.0,1664
1583,3382,1,1,2019,7,5,920.0,1665
1584,15204,1,1,2019,7,9,961.0,1666
1585,3382,1,1,2019,7,5,919.0,1667
1586,3382,1,1,2019,7,5,919.0,1668
1587,3434,1,1,2019,7,6,927.0,1669
1588,302,1,1,2019,7,5,922.0,1670
1589,53940,1,1,2019,7,6,928.0,1671
1590,1209,1,1,2019,7,8,948.0,1672
1591,54307,1,1,2019,7,6,927.0,1673
1592,2,1,1,2019,7,13,1000.0,1674
1593,8185,1,1,2019,7,8,949.0,1675
1594,885,1,1,2019,7,5,922.0,1676
1595,5,1,1,2019,7,13,997.0,1677
1596,238,1,1,2019,7,5,922.0,1678
1597,4680,1,1,2019,7,13,999.0,1679
1598,55109,1,1,2019,7,5,922.0,1680
1600,15204,1,1,2019,7,9,961.0,1682
1601,271,1,1,2019,7,6,930.0,1683
1602,451,1,1,2019,7,6,927.0,1684
1603,331,1,1,2019,7,12,984.0,1685
1604,26128,1,1,2019,7,5,922.0,1686
1605,26128,1,1,2019,7,6,923.0,1687
1606,55109,1,1,2019,7,7,936.0,1688
1607,232,1,1,2019,7,5,920.0,1689
1608,294,1,1,2019,7,5,921.0,1690
1609,232,1,1,2019,7,7,941.0,1691
1610,26128,1,1,2019,7,5,922.0,1692
1611,19,1,1,2019,7,13,1000.0,1693
1612,1209,1,1,2019,7,12,981.0,1694
1613,14570,1,1,2019,7,5,919.0,1695
1614,56240,1,1,2019,7,12,986.0,1696
1615,775,1,1,2019,7,13,998.0,1697
1616,26128,1,1,2019,7,6,923.0,1698
1617,1002,1,1,2019,7,12,989.0,1699
1618,3436,1,1,2019,7,5,922.0,1700
1619,232,1,1,2019,7,8,948.0,1701
1620,53699,1,1,2019,7,5,921.0,1702
1621,232,1,1,2019,7,5,920.0,1703
1622,631,1,1,2019,7,5,919.0,1704
1623,398,1,1,2019,7,5,922.0,1705
1624,53934,1,1,2019,7,5,920.0,1706
1625,21,1,1,2019,7,13,998.0,1707
1626,330,1,1,2019,7,5,920.0,1708
1627,523,1,1,2019,7,8,951.0,1709
1628,294,1,1,2019,7,5,921.0,1710
1629,232,1,1,2019,7,9,961.0,1711
1630,233,1,1,2019,7,6,928.0,1712
1631,451,1,1,2019,7,5,921.0,1713
1632,14579,1,1,2019,7,6,932.0,1714
1633,26111,1,1,2019,7,11,978.0,1715
1634,26128,1,1,2019,7,9,958.0,1716
1635,671,1,1,2019,7,9,958.0,1717
1637,301,1,1,2019,7,6,927.0,1719
1639,691,1,1,2019,7,13,1000.0,1721
1640,53964,1,1,2019,7,5,921.0,1722
1641,631,1,1,2019,7,8,948.0,1723
1642,26051,1,1,2019,7,7,937.0,1724
1643,170939,1,1,2019,7,8,948.0,1725
1644,301,1,1,2019,7,6,929.0,1726
1645,502,1,1,2019,7,6,928.0,1727
1646,54283,1,1,2019,7,5,922.0,1728
1647,14488,1,1,2019,7,11,978.0,1729
1648,423,1,1,2019,7,5,921.0,1730
1649,26095,1,1,2019,7,6,932.0,1731
1650,464,1,1,2019,7,9,956.0,1732
1651,72770,1,1,2019,7,11,979.0,1733
1652,341,1,1,2019,7,6,931.0,1734
1653,3382,1,1,2019,7,5,921.0,1735
1654,668,1,1,2019,7,10,965.0,1736
1655,684,1,1,2019,7,9,956.0,1737
1656,14549,1,1,2019,7,5,922.0,1738
1657,3382,1,1,2019,7,6,930.0,1739
1658,677,1,1,2019,7,5,921.0,1740
1659,25986,1,1,2019,7,5,921.0,1741
1660,1209,1,1,2019,7,6,928.0,1742
1661,267,1,1,2019,7,6,928.0,1743
1662,684,1,1,2019,7,8,945.0,1744
1663,668,1,1,2019,7,10,965.0,1745
1664,310,1,1,2019,7,9,958.0,1746
1666,308,1,1,2019,7,5,922.0,1748
1667,55109,1,1,2019,7,5,922.0,1749
1668,564,1,1,2019,7,7,939.0,1750
1669,226,1,1,2019,7,9,961.0,1751
1670,559,1,1,2019,7,5,922.0,1752
1671,3503,1,1,2019,7,6,925.0,1753
1672,575,1,1,2019,7,6,925.0,1754
1673,26070,1,1,2019,7,11,978.0,1755
1674,53606,1,1,2019,7,10,970.0,1756
1675,428,1,1,2019,7,13,991.0,1757
1676,13693,1,1,2019,7,6,927.0,1758
1677,341,1,1,2019,7,6,931.0,1759
1678,485,1,1,2019,7,6,927.0,1760
1679,53875,1,1,2019,7,6,930.0,1761
1680,3362,1,1,2019,7,6,926.0,1762
1681,26095,1,1,2019,7,7,933.0,1763
1682,885,1,1,2019,7,6,925.0,1764
1683,576,1,1,2019,7,6,926.0,1765
1684,18,1,1,2019,7,14,1000.0,1766
1685,285,1,1,2019,7,13,994.0,1767
1686,53701,1,1,2019,7,5,922.0,1768
1687,576,1,1,2019,7,9,956.0,1769
1688,576,1,1,2019,7,9,956.0,1770
1689,232,1,1,2019,7,6,927.0,1771
1690,232,1,1,2019,7,6,927.0,1772
1691,170873,1,1,2019,7,6,926.0,1773
1692,212,1,1,2019,7,10,966.0,1774
1693,5,1,1,2019,7,10,968.0,1775
1694,26154,1,1,2019,7,6,927.0,1776
1695,487,1,1,2019,7,10,965.0,1777
1696,3597,1,1,2019,7,8,948.0,1778
1697,26212,1,1,2019,7,6,926.0,1779
1698,26128,1,1,2019,7,6,927.0,1780
1699,1321,1,1,2019,7,6,927.0,1781
1700,1321,1,1,2019,7,6,927.0,1782
1701,267,1,1,2019,7,9,956.0,1783
1702,3435,1,1,2019,7,7,935.0,1784
1703,485,1,1,2019,7,6,927.0,1785
1704,3562,1,1,2019,7,7,939.0,1786
1705,19,1,1,2019,7,8,947.0,1787
1706,3562,1,1,2019,7,6,927.0,1788
1707,663,1,1,2019,7,13,998.0,1789
1708,3434,1,1,2019,7,5,922.0,1790
1709,26095,1,1,2019,7,6,932.0,1791
1710,15180,1,1,2019,7,6,927.0,1792
1711,485,1,1,2019,7,5,922.0,1793
1712,3434,1,1,2019,7,6,926.0,1794
1713,485,1,1,2019,7,7,937.0,1795
1714,254,1,1,2019,7,12,989.0,1796
1715,398,1,1,2019,7,7,939.0,1797
1716,254,1,1,2019,7,6,928.0,1798
1717,330,1,1,2019,7,6,930.0,1799
1718,485,1,1,2019,7,6,928.0,1800
1719,581,1,1,2019,7,8,947.0,1801
1720,457,1,1,2019,7,7,933.0,1802
1721,254,1,1,2019,7,13,996.0,1803
1722,595,1,1,2019,7,8,946.0,1804
1723,473,1,1,2019,7,12,981.0,1805
1724,3562,1,1,2019,7,6,930.0,1806
1725,232,1,1,2019,7,6,928.0,1807
1726,687,1,1,2019,7,9,961.0,1808
1728,233,1,1,2019,7,6,928.0,1810
1729,1238,1,1,2019,7,6,928.0,1811
1730,232,1,1,2019,7,9,961.0,1812
1732,232,1,1,2019,7,7,939.0,1814
1733,3533,1,1,2019,7,7,936.0,1815
1734,3533,1,1,2019,7,6,928.0,1816
1735,238,1,1,2019,7,7,936.0,1817
1736,10731,1,1,2019,7,12,982.0,1818
1737,3533,1,1,2019,7,6,927.0,1819
1738,595,1,1,2019,7,9,956.0,1820
1740,338,1,1,2019,7,6,927.0,1822
1742,232,1,1,2019,7,6,928.0,1824
1743,26128,1,1,2019,7,7,936.0,1825
1744,232,1,1,2019,7,7,939.0,1826
1745,595,1,1,2019,7,8,947.0,1827
1746,233,1,1,2019,7,8,946.0,1828
1747,233,1,1,2019,7,6,930.0,1829
1748,19,1,1,2019,7,6,932.0,1830
1751,352,1,1,2019,7,6,931.0,1833
1753,238,1,1,2019,7,9,958.0,1835
1754,612,1,1,2019,7,7,939.0,1836
1755,15180,1,1,2019,7,6,930.0,1837
1756,691,1,1,2019,7,13,1000.0,1838
1757,3382,1,1,2019,7,6,930.0,1839
1758,53934,1,1,2019,7,6,928.0,1840
1759,233,1,1,2019,7,6,928.0,1841
1760,509,1,1,2019,7,7,937.0,1842
1761,451,1,1,2019,7,8,949.0,1843
1762,53606,1,1,2019,7,6,931.0,1844
1763,372,1,1,2019,7,6,927.0,1845
1765,283,1,1,2019,7,6,931.0,1847
1768,18537,1,1,2019,7,11,975.0,1850
1770,232,1,1,2019,7,7,938.0,1852
1772,330,1,1,2019,7,7,936.0,1854
1773,3434,1,1,2019,7,8,946.0,1855
1774,473,1,1,2019,7,12,981.0,1856
1777,8185,1,1,2019,7,8,949.0,1859
1778,595,1,1,2019,7,10,964.0,1860
1781,485,1,1,2019,7,6,930.0,1863
1782,53641,1,1,2019,7,12,984.0,1864
1783,6140,1,1,2019,7,7,938.0,1865
1784,19,1,1,2019,7,13,997.0,1866
1785,26040,1,1,2019,7,6,928.0,1867
1786,15204,1,1,2019,7,9,961.0,1868
1788,26040,1,1,2019,7,8,952.0,1870
1789,15204,1,1,2019,7,9,961.0,1871
1790,26212,1,1,2019,7,7,936.0,1872
1791,15204,1,1,2019,7,9,961.0,1873
1792,232,1,1,2019,7,7,938.0,1874
1793,3434,1,1,2019,7,6,931.0,1875
1794,15522,1,1,2019,7,6,930.0,1876
1795,26212,1,1,2019,7,6,930.0,1877
1796,232,1,1,2019,7,9,961.0,1878
1797,14579,1,1,2019,7,7,939.0,1879
1798,398,1,1,2019,7,6,930.0,1880
1799,271,1,1,2019,7,7,936.0,1881
1800,955,1,1,2019,7,6,931.0,1882
1801,485,1,1,2019,7,8,945.0,1883
1802,485,1,1,2019,7,10,964.0,1884
1803,352,1,1,2019,7,7,933.0,1885
1804,53875,1,1,2019,7,10,965.0,1886
1806,26040,1,1,2019,7,6,930.0,1888
1807,15316,1,1,2019,7,6,928.0,1889
1808,255,1,1,2019,7,6,930.0,1890
1809,56433,1,1,2019,7,6,931.0,1891
1810,54307,1,1,2019,7,7,937.0,1892
1811,255,1,1,2019,7,7,940.0,1893
1812,53964,1,1,2019,7,6,930.0,1894
1813,26212,1,1,2019,7,11,976.0,1895
1814,232,1,1,2019,7,7,941.0,1896
1815,372,1,1,2019,7,7,936.0,1897
1816,232,1,1,2019,7,9,961.0,1898
1817,170890,1,1,2019,7,8,950.0,1899
1818,26204,1,1,2019,7,8,942.0,1900
1819,451,1,1,2019,7,7,937.0,1901
1820,677,1,1,2019,7,10,967.0,1902
1821,301,1,1,2019,7,12,990.0,1903
1822,451,1,1,2019,7,7,937.0,1904
1823,26128,1,1,2019,7,7,936.0,1905
1824,26128,1,1,2019,7,8,946.0,1906
1825,576,1,1,2019,7,7,941.0,1907
1827,53940,1,1,2019,7,7,936.0,1909
1829,487,1,1,2019,7,8,946.0,1911
1830,330,1,1,2019,7,7,936.0,1912
1833,18,1,1,2019,7,14,1000.0,1915
1834,238,1,1,2019,7,11,980.0,1916
1835,56407,1,1,2019,7,10,970.0,1917
1836,271,1,1,2019,7,7,936.0,1918
1837,310,1,1,2019,7,6,931.0,1919
1839,3382,1,1,2019,7,6,932.0,1921
1840,624,1,1,2019,7,7,940.0,1922
1841,26128,1,1,2019,7,11,971.0,1923
1842,15180,1,1,2019,7,11,974.0,1924
1843,487,1,1,2019,7,7,941.0,1925
1844,595,1,1,2019,7,10,964.0,1926
1845,271,1,1,2019,7,8,946.0,1927
1846,586,1,1,2019,7,8,946.0,1928
1847,3382,1,1,2019,7,8,942.0,1929
1848,271,1,1,2019,7,13,998.0,1930
1849,20011,1,1,2019,7,8,945.0,1931
1850,599,1,1,2019,7,13,998.0,1932
1851,14930,1,1,2019,7,8,942.0,1933
1852,576,1,1,2019,7,9,956.0,1934
1853,576,1,1,2019,7,7,941.0,1935
1854,576,1,1,2019,7,7,938.0,1936
1855,232,1,1,2019,7,8,948.0,1937
1856,457,1,1,2019,7,7,941.0,1938
1857,775,1,1,2019,7,7,938.0,1939
1858,5,1,1,2019,7,10,971.0,1940
1859,13693,1,1,2019,7,8,946.0,1941
1860,56407,1,1,2019,7,10,970.0,1942
1861,26122,1,1,2019,7,7,941.0,1943
1862,26122,1,1,2019,7,8,946.0,1944
1865,232,1,1,2019,7,8,942.0,1947
1866,13693,1,1,2019,7,8,942.0,1948
1867,26144,1,1,2019,7,9,952.0,1949
1868,232,1,1,2019,7,8,949.0,1950
1869,685,1,1,2019,7,7,940.0,1951
1870,19,1,1,2019,7,9,961.0,1952
1871,26144,1,1,2019,7,9,952.0,1953
1872,26095,1,1,2019,7,7,938.0,1954
1873,26144,1,1,2019,7,10,969.0,1955
1874,26144,1,1,2019,7,7,938.0,1956
1875,232,1,1,2019,7,9,961.0,1957
1876,10731,1,1,2019,7,12,982.0,1958
1877,4680,1,1,2019,7,8,951.0,1959
1878,671,1,1,2019,7,9,959.0,1960
1879,26212,1,1,2019,7,8,942.0,1961
1880,3136,1,1,2019,7,8,950.0,1962
1881,3434,1,1,2019,7,7,936.0,1963
1882,330,1,1,2019,7,7,941.0,1964
1883,26095,1,1,2019,7,8,942.0,1965
1884,13693,1,1,2019,7,7,936.0,1966
1885,473,1,1,2019,7,8,942.0,1967
1886,13693,1,1,2019,7,7,938.0,1968
1887,509,1,1,2019,7,8,950.0,1969
1888,56433,1,1,2019,7,7,938.0,1970
1889,283,1,1,2019,7,7,941.0,1971
1890,3136,1,1,2019,7,7,939.0,1972
1891,3382,1,1,2019,7,7,940.0,1973
1892,233,1,1,2019,7,9,961.0,1974
1893,631,1,1,2019,7,8,949.0,1975
1894,612,1,1,2019,7,7,939.0,1976
1895,13693,1,1,2019,7,7,939.0,1977
1896,13693,1,1,2019,7,7,940.0,1978
1897,451,1,1,2019,7,8,948.0,1979
1898,271,1,1,2019,7,7,941.0,1980
1899,226,1,1,2019,7,9,956.0,1981
1900,631,1,1,2019,7,8,949.0,1982
1901,26166,1,1,2019,7,11,979.0,1983
1902,301,1,1,2019,7,8,949.0,1984
1903,352,1,1,2019,7,7,940.0,1985
1904,523,1,1,2019,7,8,951.0,1986
1905,310,1,1,2019,7,7,941.0,1987
1906,232,1,1,2019,7,8,949.0,1988
1907,55158,1,1,2019,7,9,956.0,1989
1908,53606,1,1,2019,7,7,941.0,1990
1909,232,1,1,2019,7,8,949.0,1991
1910,232,1,1,2019,7,8,946.0,1992
1911,775,1,1,2019,7,8,947.0,1993
1912,775,1,1,2019,7,13,998.0,1994
1913,1209,1,1,2019,7,8,947.0,1995
1914,1209,1,1,2019,7,8,942.0,1996
1915,505,1,1,2019,7,8,943.0,1997
1916,18537,1,1,2019,7,11,977.0,1998
1917,12400,1,1,2019,7,8,947.0,1999
1918,298,1,1,2019,7,8,943.0,2000
1919,26154,1,1,2019,7,7,942.0,2001
1920,473,1,1,2019,7,8,947.0,2002
1921,685,1,1,2019,7,9,960.0,2003
1922,26154,1,1,2019,7,8,946.0,2004
1923,352,1,1,2019,7,7,941.0,2005
1924,631,1,1,2019,7,13,999.0,2006
1925,576,1,1,2019,7,9,956.0,2007
1926,3382,1,1,2019,7,7,941.0,2008
1927,473,1,1,2019,7,8,947.0,2009
1928,576,1,1,2019,7,8,945.0,2010
1929,5,1,1,2019,7,10,968.0,2011
1930,576,1,1,2019,7,8,946.0,2012
1931,232,1,1,2019,7,9,961.0,2013
1932,26122,1,1,2019,7,9,960.0,2014
1933,26122,1,1,2019,7,12,989.0,2015
1934,232,1,1,2019,7,9,961.0,2016
1935,1115,1,1,2019,7,8,947.0,2017
1936,213,1,1,2019,7,9,958.0,2018
1937,338,1,1,2019,7,11,978.0,2019
1938,267,1,1,2019,7,13,998.0,2020
1939,398,1,1,2019,7,8,947.0,2021
1940,19,1,1,2019,7,7,942.0,2022
1941,232,1,1,2019,7,8,947.0,2023
1943,1238,1,1,2019,7,11,979.0,2025
1945,457,1,1,2019,7,11,979.0,2027
1946,595,1,1,2019,7,11,980.0,2028
1947,26212,1,1,2019,7,8,946.0,2029
1948,3434,1,1,2019,7,8,945.0,2030
1949,302,1,1,2019,7,8,945.0,2031
1950,53606,1,1,2019,7,10,970.0,2032
1951,241,1,1,2019,7,13,999.0,2033
1952,15522,1,1,2019,7,8,946.0,2034
1953,53641,1,1,2019,7,12,984.0,2035
1954,612,1,1,2019,7,9,952.0,2036
1955,3436,1,1,2019,7,8,947.0,2037
1956,576,1,1,2019,7,8,947.0,2038
1957,3436,1,1,2019,7,8,946.0,2039
1958,56433,1,1,2019,7,11,979.0,2040
1959,485,1,1,2019,7,8,947.0,2041
1960,53934,1,1,2019,7,9,959.0,2042
1961,26128,1,1,2019,7,8,951.0,2043
1962,3434,1,1,2019,7,9,952.0,2044
1963,26128,1,1,2019,7,9,958.0,2045
1964,398,1,1,2019,7,10,968.0,2046
1965,15180,1,1,2019,7,8,948.0,2047
1966,359,1,1,2019,7,11,974.0,2048
1967,15204,1,1,2019,7,11,979.0,2049
1968,56240,1,1,2019,7,8,948.0,2050
1969,54090,1,1,2019,7,8,948.0,2051
1970,26095,1,1,2019,7,8,947.0,2052
1971,564,1,1,2019,7,10,962.0,2053
1972,25986,1,1,2019,7,10,964.0,2054
1973,427,1,1,2019,7,8,951.0,2055
1974,232,1,1,2019,7,9,961.0,2056
1975,341,1,1,2019,7,9,959.0,2057
1976,473,1,1,2019,7,9,955.0,2058
1977,170872,1,1,2019,7,11,978.0,2059
1978,427,1,1,2019,7,12,989.0,2060
1979,631,1,1,2019,7,11,980.0,2061
1980,18537,1,1,2019,7,11,975.0,2062
1981,19,1,1,2019,7,9,953.0,2063
1982,170889,1,1,2019,7,9,958.0,2064
1983,473,1,1,2019,7,9,955.0,2065
1984,473,1,1,2019,7,9,953.0,2066
1985,232,1,1,2019,7,11,979.0,2067
1986,55158,1,1,2019,7,11,976.0,2068
1987,294,1,1,2019,7,9,956.0,2069
1988,451,1,1,2019,7,9,959.0,2070
1989,170939,1,1,2019,7,10,963.0,2071
1991,202,1,1,2019,7,8,951.0,2073
1992,341,1,1,2019,7,9,954.0,2074
1993,631,1,1,2019,7,10,969.0,2075
1994,53699,1,1,2019,7,8,951.0,2076
1995,10,1,1,2019,7,10,961.0,2077
1996,352,1,1,2019,7,9,958.0,2078
1997,14488,1,1,2019,7,8,950.0,2079
1998,330,1,1,2019,7,10,964.0,2080
1999,232,1,1,2019,7,8,951.0,2081
2000,3382,1,1,2019,7,8,951.0,2082
2001,26129,1,1,2019,7,9,956.0,2083
2002,576,1,1,2019,7,9,958.0,2084
2004,576,1,1,2019,7,9,956.0,2086
2005,19,1,1,2019,7,9,961.0,2087
2006,576,1,1,2019,7,9,956.0,2088
2007,232,1,1,2019,7,11,979.0,2089
2009,19740,1,1,2019,7,9,956.0,2091
2010,473,1,1,2019,7,12,988.0,2092
2011,232,1,1,2019,7,9,961.0,2093
2012,239,1,1,2019,7,11,979.0,2094
2013,3434,1,1,2019,7,9,958.0,2095
2015,532,1,1,2019,7,8,951.0,2097
2016,671,1,1,2019,7,9,959.0,2098
2017,509,1,1,2019,7,10,967.0,2099
2018,485,1,1,2019,7,11,979.0,2100
2019,636,1,1,2019,7,9,954.0,2101
2020,423,1,1,2019,7,9,956.0,2102
2021,283,1,1,2019,7,8,950.0,2103
2022,283,1,1,2019,7,8,950.0,2104
2023,344,1,1,2019,7,10,966.0,2105
2024,352,1,1,2019,7,9,958.0,2106
2025,581,1,1,2019,7,9,955.0,2107
2026,683,1,1,2019,7,9,957.0,2108
2027,551,1,1,2019,7,13,997.0,2109
2028,315,1,1,2019,7,9,956.0,2110
2029,232,1,1,2019,7,10,964.0,2111
2030,595,1,1,2019,7,9,956.0,2112
2031,26128,1,1,2019,7,9,958.0,2113
2032,232,1,1,2019,7,10,964.0,2114
2033,5,1,1,2019,7,11,979.0,2115
2034,233,1,1,2019,7,9,957.0,2116
2035,338,1,1,2019,7,12,987.0,2117
2037,26128,1,1,2019,7,9,959.0,2119
2038,26128,1,1,2019,7,9,958.0,2120
2039,1822,1,1,2019,7,13,994.0,2121
2040,254,1,1,2019,7,13,1000.0,2122
2041,25986,1,1,2019,7,9,958.0,2123
2042,25986,1,1,2019,7,9,957.0,2124
2043,26212,1,1,2019,7,9,957.0,2125
2044,26212,1,1,2019,7,9,956.0,2126
2045,19,1,1,2019,7,9,959.0,2127
2046,3434,1,1,2019,7,9,958.0,2128
2047,352,1,1,2019,7,9,959.0,2129
2048,576,1,1,2019,7,9,956.0,2130
2049,559,1,1,2019,7,11,979.0,2131
2050,612,1,1,2019,7,9,957.0,2132
2051,232,1,1,2019,7,9,959.0,2133
2052,26095,1,1,2019,7,9,959.0,2134
2053,10355,1,1,2019,7,13,996.0,2135
2054,559,1,1,2019,7,9,957.0,2136
2055,26128,1,1,2019,7,10,965.0,2137
2056,559,1,1,2019,7,9,959.0,2138
2057,3353,1,1,2019,7,10,965.0,2139
2058,18537,1,1,2019,7,11,977.0,2140
2059,5,1,1,2019,7,13,999.0,2141
2060,473,1,1,2019,7,9,957.0,2142
2061,294,1,1,2019,7,9,960.0,2143
2062,595,1,1,2019,7,10,966.0,2144
2063,56433,1,1,2019,7,10,967.0,2145
2065,595,1,1,2019,7,11,980.0,2147
2066,232,1,1,2019,7,11,976.0,2148
2067,633,1,1,2019,7,11,975.0,2149
2068,691,1,1,2019,7,11,980.0,2150
2069,671,1,1,2019,7,10,964.0,2151
2070,53934,1,1,2019,7,9,958.0,2152
2071,26128,1,1,2019,7,12,986.0,2153
2072,55109,1,1,2019,7,9,960.0,2154
2073,202,1,1,2019,7,9,960.0,2155
2074,631,1,1,2019,7,11,980.0,2156
2075,232,1,1,2019,7,9,957.0,2157
2076,294,1,1,2019,7,9,961.0,2158
2077,232,1,1,2019,7,9,960.0,2159
2078,53699,1,1,2019,7,9,959.0,2160
2079,26095,1,1,2019,7,9,960.0,2161
2080,223,1,1,2019,7,11,972.0,2162
2081,10,1,1,2019,7,10,961.0,2163
2082,14488,1,1,2019,7,11,978.0,2164
2083,42404,1,1,2019,7,11,978.0,2165
2084,451,1,1,2019,7,10,966.0,2166
2085,564,1,1,2019,7,11,978.0,2167
2086,631,1,1,2019,7,13,999.0,2168
2087,232,1,1,2019,7,10,965.0,2169
2088,13693,1,1,2019,7,10,970.0,2170
2089,352,1,1,2019,7,9,958.0,2171
2090,352,1,1,2019,7,9,958.0,2172
2091,352,1,1,2019,7,9,958.0,2173
2092,352,1,1,2019,7,10,964.0,2174
2093,170889,1,1,2019,7,10,970.0,2175
2094,170939,1,1,2019,7,10,969.0,2176
2095,19,1,1,2019,7,10,966.0,2177
2096,233,1,1,2019,7,11,979.0,2178
2097,232,1,1,2019,7,9,961.0,2179
2098,576,1,1,2019,7,9,961.0,2180
2099,576,1,1,2019,7,10,968.0,2181
2100,576,1,1,2019,7,9,961.0,2182
2101,232,1,1,2019,7,10,966.0,2183
2102,298,1,1,2019,7,11,980.0,2184
2103,372,1,1,2019,7,10,964.0,2185
2105,26051,1,1,2019,7,14,1000.0,2187
2106,53606,1,1,2019,7,11,976.0,2188
2107,595,1,1,2019,7,11,971.0,2189
2108,233,1,1,2019,7,10,968.0,2190
2109,26154,1,1,2019,7,11,975.0,2191
2110,650,1,1,2019,7,12,981.0,2192
2111,300,1,1,2019,7,13,992.0,2193
2112,271,1,1,2019,7,13,998.0,2194
2113,5,1,1,2019,7,11,978.0,2195
2114,25986,1,1,2019,7,11,972.0,2196
2115,232,1,1,2019,7,10,970.0,2197
2116,636,1,1,2019,7,10,970.0,2198
2117,232,1,1,2019,7,10,970.0,2199
2119,56407,1,1,2019,7,10,970.0,2201
2120,451,1,1,2019,7,10,967.0,2202
2121,232,1,1,2019,7,11,979.0,2203
2122,2,1,1,2019,7,13,1000.0,2204
2124,576,1,1,2019,7,12,988.0,2206
2125,338,1,1,2019,7,12,987.0,2207
2126,13693,1,1,2019,7,10,965.0,2208
2127,26212,1,1,2019,7,10,968.0,2209
2128,26212,1,1,2019,7,10,966.0,2210
2129,3434,1,1,2019,7,10,965.0,2211
2130,13693,1,1,2019,7,10,968.0,2212
2131,1209,1,1,2019,7,10,965.0,2213
2132,1209,1,1,2019,7,10,965.0,2214
2133,53934,1,1,2019,7,10,970.0,2215
2134,55109,1,1,2019,7,11,977.0,2216
2135,54352,1,1,2019,7,10,966.0,2217
2136,56240,1,1,2019,7,12,982.0,2218
2137,232,1,1,2019,7,11,976.0,2219
2138,612,1,1,2019,7,10,965.0,2220
2139,15180,1,1,2019,7,11,974.0,2221
2140,1209,1,1,2019,7,10,970.0,2222
2141,3434,1,1,2019,7,10,966.0,2223
2142,18537,1,1,2019,7,11,979.0,2224
2143,13693,1,1,2019,7,10,966.0,2225
2144,14878,1,1,2019,7,11,979.0,2226
2145,677,1,1,2019,7,11,979.0,2227
2146,3382,1,1,2019,7,10,968.0,2228
2147,26128,1,1,2019,7,11,974.0,2229
2148,505,1,1,2019,7,10,967.0,2230
2149,53699,1,1,2019,7,10,967.0,2231
2150,25986,1,1,2019,7,11,979.0,2232
2151,26212,1,1,2019,7,11,979.0,2233
2152,26040,1,1,2019,7,13,998.0,2234
2153,624,1,1,2019,7,10,970.0,2235
2154,232,1,1,2019,7,10,970.0,2236
2155,26040,1,1,2019,7,10,968.0,2237
2156,19,1,1,2019,7,10,970.0,2238
2157,56433,1,1,2019,7,10,968.0,2239
2158,232,1,1,2019,7,10,970.0,2240
2160,232,1,1,2019,7,10,970.0,2242
2161,55158,1,1,2019,7,11,976.0,2243
2162,268,1,1,2019,7,13,998.0,2244
2163,310,1,1,2019,7,11,979.0,2245
2164,301,1,1,2019,7,10,971.0,2246
2165,473,1,1,2019,7,12,981.0,2247
2166,13693,1,1,2019,7,10,970.0,2248
2168,55158,1,1,2019,7,11,976.0,2250
2169,677,1,1,2019,7,11,979.0,2251
2170,232,1,1,2019,7,11,974.0,2252
2171,451,1,1,2019,7,11,975.0,2253
2172,26095,1,1,2019,7,10,970.0,2254
2173,53699,1,1,2019,7,10,970.0,2255
2174,26128,1,1,2019,7,10,970.0,2256
2175,26212,1,1,2019,7,11,977.0,2257
2176,122302,1,1,2019,7,11,976.0,2258
2177,331,1,1,2019,7,12,984.0,2259
2178,473,1,1,2019,7,12,988.0,2260
2179,232,1,1,2019,7,11,976.0,2261
2180,18,1,1,2019,7,13,995.0,2262
2181,232,1,1,2019,7,11,979.0,2263
2182,13,1,1,2019,7,13,1000.0,2264
2183,19,1,1,2019,7,10,970.0,2265
2184,631,1,1,2019,7,13,999.0,2266
2185,170872,1,1,2019,7,11,978.0,2267
2186,14488,1,1,2019,7,11,975.0,2268
2187,1209,1,1,2019,7,11,975.0,2269
2189,26144,1,1,2019,7,11,975.0,2271
2190,232,1,1,2019,7,11,976.0,2272
2191,232,1,1,2019,7,11,979.0,2273
2192,53606,1,1,2019,7,11,976.0,2274
2193,3136,1,1,2019,7,11,976.0,2275
2194,56407,1,1,2019,7,13,999.0,2276
2196,5,1,1,2019,7,11,977.0,2278
2197,576,1,1,2019,7,12,981.0,2279
2198,576,1,1,2019,7,10,971.0,2280
2199,576,1,1,2019,7,11,976.0,2281
2200,239,1,1,2019,7,13,990.0,2282
2202,25986,1,1,2019,7,11,977.0,2284
2203,25986,1,1,2019,7,11,979.0,2285
2204,25986,1,1,2019,7,11,979.0,2286
2205,25986,1,1,2019,7,11,975.0,2287
2206,213,1,1,2019,7,11,977.0,2288
2207,170889,1,1,2019,7,11,978.0,2289
2208,684,1,1,2019,7,12,981.0,2290
2209,338,1,1,2019,7,11,978.0,2291
2210,26128,1,1,2019,7,11,979.0,2292
2211,674,1,1,2019,7,11,979.0,2293
2212,3434,1,1,2019,7,11,976.0,2294
2213,26212,1,1,2019,7,12,988.0,2295
2214,72770,1,1,2019,7,11,980.0,2296
2215,691,1,1,2019,7,13,1000.0,2297
2216,359,1,1,2019,7,11,979.0,2298
2217,612,1,1,2019,7,12,981.0,2299
2218,233,1,1,2019,7,11,977.0,2300
2219,53934,1,1,2019,7,11,976.0,2301
2220,13693,1,1,2019,7,11,979.0,2302
2221,26128,1,1,2019,7,11,979.0,2303
2222,232,1,1,2019,7,11,977.0,2304
2223,18537,1,1,2019,7,11,977.0,2305
2224,53872,1,1,2019,7,12,981.0,2306
2225,294,1,1,2019,7,11,978.0,2307
2226,671,1,1,2019,7,12,981.0,2308
2227,15522,1,1,2019,7,12,988.0,2309
2228,55158,1,1,2019,7,11,977.0,2310
2229,3362,1,1,2019,7,11,977.0,2311
2230,5,1,1,2019,7,13,998.0,2312
2231,56433,1,1,2019,7,11,976.0,2313
2232,2,1,1,2019,7,14,1000.0,2314
2234,473,1,1,2019,7,12,988.0,2316
2235,170873,1,1,2019,7,11,979.0,2317
2236,232,1,1,2019,7,11,980.0,2318
2237,451,1,1,2019,7,12,985.0,2319
2238,631,1,1,2019,7,13,1000.0,2320
2240,19,1,1,2019,7,13,997.0,2322
2241,55109,1,1,2019,7,11,978.0,2323
2242,170939,1,1,2019,7,11,979.0,2324
2243,55158,1,1,2019,7,11,979.0,2325
2244,53699,1,1,2019,7,11,977.0,2326
2245,26040,1,1,2019,7,13,998.0,2327
2246,232,1,1,2019,7,13,996.0,2328
2247,55158,1,1,2019,7,12,981.0,2329
2248,775,1,1,2019,7,13,998.0,2330
2249,352,1,1,2019,7,11,980.0,2331
2250,677,1,1,2019,7,13,997.0,2332
2251,232,1,1,2019,7,12,985.0,2333
2252,171053,1,1,2019,7,13,999.0,2334
2253,19740,1,1,2019,7,12,986.0,2335
2254,1209,1,1,2019,7,12,985.0,2336
2256,1209,1,1,2019,7,11,979.0,2338
2257,26128,1,1,2019,7,12,986.0,2339
2258,473,1,1,2019,7,11,979.0,2340
2259,25986,1,1,2019,7,11,980.0,2341
2260,12,1,1,2019,7,13,1000.0,2342
2261,25986,1,1,2019,7,11,980.0,2343
2262,3136,1,1,2019,7,11,980.0,2344
2263,354,1,1,2019,7,12,986.0,2345
2264,3136,1,1,2019,7,11,979.0,2346
2265,473,1,1,2019,7,12,985.0,2347
2266,26111,1,1,2019,7,12,987.0,2348
2267,11,1,1,2019,7,11,978.0,2349
2268,1209,1,1,2019,7,12,981.0,2350
2269,213,1,1,2019,7,12,986.0,2351
2270,223,1,1,2019,7,11,979.0,2352
2271,14744,1,1,2019,7,11,978.0,2353
2272,14488,1,1,2019,7,11,978.0,2354
2273,56407,1,1,2019,7,11,978.0,2355
2274,464,1,1,2019,7,12,984.0,2356
2275,753,1,1,2019,7,11,978.0,2357
2276,483,1,1,2019,7,11,980.0,2358
2277,1209,1,1,2019,7,13,997.0,2359
2278,576,1,1,2019,7,12,988.0,2360
2279,42404,1,1,2019,7,11,980.0,2361
2280,576,1,1,2019,7,11,980.0,2362
2281,576,1,1,2019,7,12,988.0,2363
2282,232,1,1,2019,7,12,985.0,2364
2283,13,1,1,2019,7,13,1000.0,2365
2284,19740,1,1,2019,7,12,986.0,2366
2285,19,1,1,2019,7,12,985.0,2367
2286,636,1,1,2019,7,12,987.0,2368
2287,636,1,1,2019,7,13,995.0,2369
2288,53699,1,1,2019,7,11,980.0,2370
2289,232,1,1,2019,7,12,985.0,2371
2290,223,1,1,2019,7,12,987.0,2372
2291,581,1,1,2019,7,12,984.0,2373
2292,532,1,1,2019,7,13,997.0,2374
2293,551,1,1,2019,7,12,985.0,2375
2294,485,1,1,2019,7,12,990.0,2376
2295,283,1,1,2019,7,11,979.0,2377
2296,25986,1,1,2019,7,12,987.0,2378
2297,208,1,1,2019,7,12,985.0,2379
2298,415,1,1,2019,7,13,995.0,2380
2299,683,1,1,2019,7,12,985.0,2381
2300,26085,1,1,2019,7,12,984.0,2382
2301,53701,1,1,2019,7,12,984.0,2383
2302,955,1,1,2019,7,12,985.0,2384
2303,53606,1,1,2019,7,12,983.0,2385
2304,26144,1,1,2019,7,12,984.0,2386
2305,278,1,1,2019,7,11,980.0,2387
2306,691,1,1,2019,7,12,987.0,2388
2307,332,1,1,2019,7,12,985.0,2389
2308,14549,1,1,2019,7,12,987.0,2390
2309,25986,1,1,2019,7,13,998.0,2391
2310,25986,1,1,2019,7,13,999.0,2392
2311,372,1,1,2019,7,12,988.0,2393
2312,595,1,1,2019,7,13,999.0,2394
2313,239,1,1,2019,7,13,995.0,2395
2314,232,1,1,2019,7,13,999.0,2396
2315,473,1,1,2019,7,12,984.0,2397
2316,26128,1,1,2019,7,12,987.0,2398
2317,636,1,1,2019,7,13,992.0,2399
2318,5,1,1,2019,7,13,996.0,2400
2319,233,1,1,2019,7,12,986.0,2401
2320,232,1,1,2019,7,12,985.0,2402
2321,13693,1,1,2019,7,12,984.0,2403
2322,3434,1,1,2019,7,12,988.0,2404
2323,341,1,1,2019,7,13,999.0,2405
2324,473,1,1,2019,7,12,988.0,2406
2325,612,1,1,2019,7,12,989.0,2407
2326,53606,1,1,2019,7,12,987.0,2408
2327,170889,1,1,2019,7,12,988.0,2409
2329,26128,1,1,2019,7,13,995.0,2411
2330,26128,1,1,2019,7,12,989.0,2412
2331,271,1,1,2019,7,12,989.0,2413
2333,3436,1,1,2019,7,12,986.0,2415
2334,26212,1,1,2019,7,12,988.0,2416
2335,1209,1,1,2019,7,13,995.0,2417
2336,56433,1,1,2019,7,12,986.0,2418
2337,19,1,1,2019,7,12,990.0,2419
2338,53641,1,1,2019,7,13,995.0,2420
2339,53934,1,1,2019,7,12,987.0,2421
2340,18537,1,1,2019,7,12,985.0,2422
2341,541,1,1,2019,7,12,985.0,2423
2342,5,1,1,2019,7,13,1000.0,2424
2343,26128,1,1,2019,7,12,987.0,2425
2344,53964,1,1,2019,7,13,994.0,2426
2345,15204,1,1,2019,7,12,989.0,2427
2346,1209,1,1,2019,7,13,999.0,2428
2347,3382,1,1,2019,7,13,995.0,2429
2348,300,1,1,2019,7,13,992.0,2430
2349,239,1,1,2019,7,13,997.0,2431
2350,616,1,1,2019,7,12,989.0,2432
2351,212,1,1,2019,7,12,989.0,2433
2352,19740,1,1,2019,7,12,987.0,2434
2353,15180,1,1,2019,7,12,989.0,2435
2354,26212,1,1,2019,7,13,996.0,2436
2355,677,1,1,2019,7,13,996.0,2437
2356,26128,1,1,2019,7,13,996.0,2438
2357,232,1,1,2019,7,12,987.0,2439
2358,232,1,1,2019,7,13,996.0,2440
2359,633,1,1,2019,7,12,986.0,2441
2360,26128,1,1,2019,7,13,995.0,2442
2361,26128,1,1,2019,7,13,995.0,2443
2362,352,1,1,2019,7,13,994.0,2444
2363,451,1,1,2019,7,13,999.0,2445
2364,232,1,1,2019,7,13,994.0,2446
2365,53964,1,1,2019,7,13,991.0,2447
2367,271,1,1,2019,7,13,998.0,2449
2368,631,1,1,2019,7,13,999.0,2450
2369,427,1,1,2019,7,13,994.0,2451
2370,232,1,1,2019,7,13,996.0,2452
2371,56240,1,1,2019,7,13,995.0,2453
2373,233,1,1,2019,7,13,997.0,2455
2374,341,1,1,2019,7,13,994.0,2456
2375,268,1,1,2019,7,13,999.0,2457
2376,338,1,1,2019,7,13,1000.0,2458
2377,13,1,1,2019,7,13,997.0,2459
2378,4680,1,1,2019,7,13,999.0,2460
2379,631,1,1,2019,7,13,1000.0,2461
2380,53699,1,1,2019,7,13,995.0,2462
2382,26128,1,1,2019,7,13,996.0,2464
2383,26128,1,1,2019,7,13,994.0,2465
2384,232,1,1,2019,7,13,994.0,2466
2385,331,1,1,2019,7,13,996.0,2467
2386,26129,1,1,2019,7,13,994.0,2468
2387,576,1,1,2019,7,13,999.0,2469
2388,13,1,1,2019,7,13,999.0,2470
2390,576,1,1,2019,7,13,994.0,2472
2391,576,1,1,2019,7,12,990.0,2473
2392,14579,1,1,2019,7,13,994.0,2474
2393,232,1,1,2019,7,13,996.0,2475
2394,232,1,1,2019,7,13,994.0,2476
2395,26128,1,1,2019,7,13,996.0,2477
2396,26128,1,1,2019,7,12,989.0,2478
2397,26128,1,1,2019,7,13,996.0,2479
2398,26005,1,1,2019,7,13,999.0,2480
2399,232,1,1,2019,7,13,994.0,2481
2400,551,1,1,2019,7,13,999.0,2482
2401,330,1,1,2019,7,13,997.0,2483
2402,485,1,1,2019,7,13,996.0,2484
2403,372,1,1,2019,7,13,998.0,2485
2404,26212,1,1,2019,7,13,996.0,2486
2405,26128,1,1,2019,7,13,995.0,2487
2406,232,1,1,2019,7,13,995.0,2488
2407,232,1,1,2019,7,13,995.0,2489
2408,687,1,1,2019,7,13,999.0,2490
2409,301,1,1,2019,7,13,994.0,2491
2410,10731,1,1,2019,7,13,996.0,2492
2411,338,1,1,2019,7,13,994.0,2493
2412,2,1,1,2019,7,13,1000.0,2494
2413,341,1,1,2019,7,13,999.0,2495
2414,341,1,1,2019,7,13,999.0,2496
2415,341,1,1,2019,7,13,999.0,2497
2416,280,1,1,2019,7,13,999.0,2498
2417,26212,1,1,2019,7,13,994.0,2499
2418,3434,1,1,2019,7,13,998.0,2500
2419,3436,1,1,2019,7,13,999.0,2501
2420,677,1,1,2019,7,13,998.0,2502
2421,1499,1,1,2019,7,13,998.0,2503
2422,53964,1,1,2019,7,13,998.0,2504
2423,26129,1,1,2019,7,13,996.0,2505
2424,677,1,1,2019,7,13,999.0,2506
2425,509,1,1,2019,7,13,997.0,2507
2426,232,1,1,2019,7,13,999.0,2508
2427,19,1,1,2019,7,13,996.0,2509
2428,241,1,1,2019,7,13,998.0,2510
2429,26212,1,1,2019,7,13,999.0,2511
2430,241,1,1,2019,7,13,999.0,2512
2431,306,1,1,2019,7,13,999.0,2513
2432,241,1,1,2019,7,13,1000.0,2514
2433,3136,1,1,2019,7,13,999.0,2515
2434,202,1,1,2019,7,13,999.0,2516
2435,677,1,1,2019,7,13,999.0,2517
2436,285,1,1,2019,7,13,1000.0,2518
2437,26212,1,1,2019,7,13,1000.0,2519
2438,341,1,1,2019,7,13,999.0,2520
2439,354,1,1,2019,7,13,999.0,2521
2440,13693,1,1,2019,7,13,999.0,2522
2441,341,1,1,2019,7,13,999.0,2523
2442,677,1,1,2019,7,13,999.0,2524
2443,127180,1,1,2019,7,13,998.0,2525
2444,677,1,1,2019,7,13,998.0,2526
2445,13693,1,1,2019,7,13,998.0,2527
2446,13693,1,1,2019,7,13,1000.0,2528
2448,775,1,1,2019,7,13,999.0,2530
2449,56407,1,1,2019,7,13,999.0,2531
2450,330,1,1,2019,7,13,997.0,2532
2451,330,1,1,2019,7,13,996.0,2533
2452,232,1,1,2019,7,13,996.0,2534
2453,18537,1,1,2019,7,13,997.0,2535
2455,10355,1,1,2019,7,13,1000.0,2537
2456,26128,1,1,2019,7,13,1000.0,2538
2457,473,1,1,2019,7,13,996.0,2539
2458,599,1,1,2019,7,13,999.0,2540
2459,232,1,1,2019,7,13,999.0,2541
2460,285,1,1,2019,7,13,999.0,2542
2461,285,1,1,2019,7,13,999.0,2543
2462,26128,1,1,2019,7,13,999.0,2544
2463,3818,1,1,2019,7,13,999.0,2545
2464,352,1,1,2019,7,13,999.0,2546
2465,271,1,1,2019,7,13,1000.0,2547
2466,551,1,1,2019,7,13,1000.0,2548
2467,206,1,1,2019,7,13,999.0,2549
2468,209,1,1,2019,7,13,1000.0,2550
2469,631,1,1,2019,7,13,1000.0,2551
2470,5,1,1,2019,7,13,1000.0,2552
2471,232,1,1,2019,7,13,1000.0,2553
2472,576,1,1,2019,7,13,1000.0,2554
2473,576,1,1,2019,7,13,1000.0,2555
2474,576,1,1,2019,7,13,999.0,2556
2475,6140,1,1,2019,7,13,1000.0,2557
2476,691,1,1,2019,7,13,999.0,2558
2477,278,1,1,2019,7,13,1000.0,2559
2478,3533,1,1,2019,7,13,1000.0,2560
2479,53201,1,1,2019,7,13,1000.0,2561
2480,523,1,1,2019,7,13,1000.0,2562
2481,232,1,1,2019,7,14,1000.0,2563
