,userid,newsid,nickname,name,sex,head_url,region,autograph,integral,is_big_v,is_first_login,creator_id,news_title,news_subtitle,updated_year,updated_month,updated_day,updated_timestamp,label
0,306,82,1,0,1,1,2732,1,414,0,0,18,1,1,2019,4,1,0.0,0
1,306,88,1,0,1,1,2732,1,414,0,0,2,1,1,2019,6,11,686.0,0
2,306,176,1,0,1,1,2732,1,414,0,0,2,1,1,2019,7,5,920.0,0
3,306,177,1,0,1,1,2732,1,414,0,0,2,1,1,2019,6,3,612.0,0
4,306,192,1,0,1,1,2732,1,414,0,0,14,1,1,2019,7,6,926.0,0
5,306,943,1,0,1,1,2732,1,414,0,0,233,1,1,2019,7,6,927.0,0
6,306,969,1,0,1,1,2732,1,414,0,0,26128,1,1,2019,7,3,903.0,0
7,306,993,1,0,1,1,2732,1,414,0,0,671,1,1,2019,7,5,916.0,0
8,306,1210,1,0,1,1,2732,1,414,0,0,325,1,1,2019,7,5,919.0,0
9,223,108,1,0,1,1,112,1,1735,1,0,2,1,1,2019,4,4,32.0,0
10,3165,328,1,1,1,1,3,0,62,0,0,233,1,1,2019,6,20,777.0,0
11,3165,332,1,1,1,1,3,0,62,0,0,5,1,1,2019,6,11,686.0,0
12,3165,333,1,1,1,1,3,0,62,0,0,384,1,1,2019,7,5,917.0,0
13,3165,334,1,1,1,1,3,0,62,0,0,640,1,1,2019,6,11,690.0,0
14,3165,348,1,1,1,1,3,0,62,0,0,631,1,1,2019,6,13,707.0,0
15,3165,349,1,1,1,1,3,0,62,0,0,15316,1,1,2019,6,8,661.0,0
16,3165,350,1,1,1,1,3,0,62,0,0,26154,1,1,2019,7,5,921.0,0
17,3165,351,1,1,1,1,3,0,62,0,0,206,1,1,2019,6,11,687.0,0
18,3165,354,1,1,1,1,3,0,62,0,0,336,1,1,2019,6,6,641.0,0
19,3165,358,1,1,1,1,3,0,62,0,0,232,1,1,2019,6,12,698.0,0
20,3165,364,1,1,1,1,3,0,62,0,0,271,1,1,2019,6,11,690.0,0
21,3165,365,1,1,1,1,3,0,62,0,0,26121,1,1,2019,6,7,647.0,0
22,3165,378,1,1,1,1,3,0,62,0,0,26166,1,1,2019,6,10,679.0,0
23,3165,833,1,1,1,1,3,0,62,0,0,208,1,1,2019,7,11,979.0,0
24,3165,834,1,1,1,1,3,0,62,0,0,26122,1,1,2019,7,5,918.0,0
25,3165,835,1,1,1,1,3,0,62,0,0,26144,1,1,2019,6,21,783.0,0
26,15180,87,1,1,2,1,1132,1,6,1,0,18,1,1,2019,4,1,1.0,0
27,15180,104,1,1,2,1,1132,1,6,1,0,14,1,1,2019,6,5,624.0,0
28,15180,106,1,1,2,1,1132,1,6,1,0,3,1,1,2019,6,11,686.0,0
29,15180,110,1,1,2,1,1132,1,6,1,0,4,1,1,2019,4,4,32.0,0
30,15180,111,1,1,2,1,1132,1,6,1,0,2,1,1,2019,6,11,686.0,0
31,15180,112,1,1,2,1,1132,1,6,1,0,5,1,1,2019,6,3,612.0,0
32,15180,120,1,1,2,1,1132,1,6,1,0,5,1,1,2019,6,5,623.0,0
33,15180,122,1,1,2,1,1132,1,6,1,0,5,1,1,2019,6,3,612.0,0
34,15180,129,1,1,2,1,1132,1,6,1,0,2,1,1,2019,6,11,686.0,0
35,15180,130,1,1,2,1,1132,1,6,1,0,5,1,1,2019,7,10,964.0,0
36,15180,133,1,1,2,1,1132,1,6,1,0,5,1,1,2019,6,11,686.0,0
37,15180,134,1,1,2,1,1132,1,6,1,0,5,1,1,2019,6,11,686.0,0
38,15180,135,1,1,2,1,1132,1,6,1,0,5,1,1,2019,7,2,894.0,0
39,15180,149,1,1,2,1,1132,1,6,1,0,5,1,1,2019,7,1,881.0,0
40,15180,165,1,1,2,1,1132,1,6,1,0,19,1,1,2019,6,10,681.0,0
41,55158,1385,1,0,1,1,1902,0,0,1,0,3136,1,1,2019,7,4,907.0,0
42,55158,1386,1,0,1,1,1902,0,0,1,0,15180,1,1,2019,7,5,917.0,0
43,55158,1387,1,0,1,1,1902,0,0,1,0,54090,1,1,2019,7,4,910.0,0
44,55158,1388,1,0,1,1,1902,0,0,1,0,56240,1,1,2019,7,5,918.0,0
45,170854,83,1,0,2,1,3,0,0,1,0,10,1,1,2019,6,3,612.0,0
46,170854,124,1,0,2,1,3,0,0,1,0,2,1,1,2019,6,11,686.0,0
47,285,84,1,0,1,0,2576,1,5919,1,0,9,1,1,2019,6,10,681.0,0
48,285,85,1,0,1,0,2576,1,5919,1,0,18,1,1,2019,6,3,612.0,0
49,285,86,1,0,1,0,2576,1,5919,1,0,19,1,1,2019,7,6,930.0,0
50,285,341,1,0,1,0,2576,1,5919,1,0,2,1,1,2019,7,10,962.0,0
51,285,342,1,0,1,0,2576,1,5919,1,0,206,1,1,2019,7,9,956.0,0
52,285,343,1,0,1,0,2576,1,5919,1,0,232,1,1,2019,6,24,814.0,0
53,285,374,1,0,1,0,2576,1,5919,1,0,26122,1,1,2019,6,20,775.0,0
54,285,375,1,0,1,0,2576,1,5919,1,0,26128,1,1,2019,6,8,661.0,0
55,285,376,1,0,1,0,2576,1,5919,1,0,330,1,1,2019,6,10,676.0,0
56,285,562,1,0,1,0,2576,1,5919,1,0,905,1,1,2019,6,12,700.0,0
57,285,563,1,0,1,0,2576,1,5919,1,0,232,1,1,2019,6,12,698.0,0
58,285,1015,1,0,1,0,2576,1,5919,1,0,26060,1,1,2019,7,6,932.0,0
59,285,1266,1,0,1,0,2576,1,5919,1,0,232,1,1,2019,7,4,911.0,0
60,285,1267,1,0,1,0,2576,1,5919,1,0,1488,1,1,2019,7,3,902.0,0
61,285,1268,1,0,1,0,2576,1,5919,1,0,53701,1,1,2019,7,3,903.0,0
62,285,1269,1,0,1,0,2576,1,5919,1,0,576,1,1,2019,7,3,903.0,0
63,285,1510,1,0,1,0,2576,1,5919,1,0,1209,1,1,2019,7,8,948.0,0
64,285,1511,1,0,1,0,2576,1,5919,1,0,14549,1,1,2019,7,4,910.0,0
65,285,1512,1,0,1,0,2576,1,5919,1,0,629,1,1,2019,7,4,910.0,0
66,285,1513,1,0,1,0,2576,1,5919,1,0,232,1,1,2019,7,8,948.0,0
67,1089,89,1,1,2,1,1917,0,592,0,0,3,1,1,2019,6,11,686.0,0
68,1089,90,1,1,2,1,1917,0,592,0,0,2,1,1,2019,6,11,686.0,0
69,1089,113,1,1,2,1,1917,0,592,0,0,2,1,1,2019,6,11,686.0,0
70,1089,121,1,1,2,1,1917,0,592,0,0,5,1,1,2019,6,5,623.0,0
71,1089,125,1,1,2,1,1917,0,592,0,0,2,1,1,2019,6,3,612.0,0
72,1089,611,1,1,2,1,1917,0,592,0,0,19,1,1,2019,6,14,715.0,0
73,1089,615,1,1,2,1,1917,0,592,0,0,26122,1,1,2019,7,5,918.0,0
74,1089,620,1,1,2,1,1917,0,592,0,0,485,1,1,2019,7,3,894.0,0
75,1089,783,1,1,2,1,1917,0,592,0,0,232,1,1,2019,6,25,820.0,0
76,1089,788,1,1,2,1,1917,0,592,0,0,232,1,1,2019,7,1,878.0,0
77,1089,802,1,1,2,1,1917,0,592,0,0,415,1,1,2019,7,6,923.0,0
78,1089,824,1,1,2,1,1917,0,592,0,0,232,1,1,2019,7,9,961.0,0
79,1089,941,1,1,2,1,1917,0,592,0,0,677,1,1,2019,7,3,903.0,0
80,1089,942,1,1,2,1,1917,0,592,0,0,2,1,1,2019,7,10,968.0,0
81,1089,952,1,1,2,1,1917,0,592,0,0,232,1,1,2019,6,27,841.0,0
82,1089,954,1,1,2,1,1917,0,592,0,0,415,1,1,2019,7,6,931.0,0
83,1089,1274,1,1,2,1,1917,0,592,0,0,53701,1,1,2019,7,3,902.0,0
84,1089,1276,1,1,2,1,1917,0,592,0,0,25986,1,1,2019,7,4,907.0,0
85,171124,91,1,0,2,1,146,1,0,0,0,19,1,1,2019,6,11,685.0,0
86,171124,96,1,0,2,1,146,1,0,0,0,2,1,1,2019,6,11,686.0,0
87,171124,97,1,0,2,1,146,1,0,0,0,3,1,1,2019,4,3,20.0,0
88,171124,102,1,0,2,1,146,1,0,0,0,5,1,1,2019,4,1,3.0,0
89,171124,830,1,0,2,1,146,1,0,0,0,233,1,1,2019,6,26,831.0,0
90,53873,92,1,0,1,1,3,0,0,1,0,13,1,1,2019,4,1,1.0,0
91,53873,93,1,0,1,1,3,0,0,1,0,13,1,1,2019,6,3,612.0,0
92,53873,94,1,0,1,1,3,0,0,1,0,2,1,1,2019,6,11,686.0,0
93,53873,519,1,0,1,1,3,0,0,1,0,485,1,1,2019,7,3,903.0,0
94,53873,520,1,0,1,1,3,0,0,1,0,232,1,1,2019,7,3,903.0,0
95,53873,521,1,0,1,1,3,0,0,1,0,14570,1,1,2019,6,26,834.0,0
96,53873,1023,1,0,1,1,3,0,0,1,0,5,1,1,2019,7,12,984.0,0
97,56240,95,1,0,1,0,1893,1,0,1,0,2,1,1,2019,6,11,686.0,0
98,56240,842,1,0,1,0,1893,1,0,1,0,473,1,1,2019,7,8,947.0,0
99,3136,98,1,1,0,1,1890,1,4907,1,0,2,1,1,2019,4,1,2.0,0
100,3136,259,1,1,0,1,1890,1,4907,1,0,232,1,1,2019,6,8,656.0,0
101,3136,291,1,1,0,1,1890,1,4907,1,0,232,1,1,2019,6,6,639.0,0
102,3136,294,1,1,0,1,1890,1,4907,1,0,26122,1,1,2019,6,11,687.0,0
103,3136,295,1,1,0,1,1890,1,4907,1,0,26122,1,1,2019,6,12,700.0,0
104,3136,299,1,1,0,1,1890,1,4907,1,0,427,1,1,2019,6,12,698.0,0
105,3136,302,1,1,0,1,1890,1,4907,1,0,232,1,1,2019,7,1,878.0,0
106,3136,303,1,1,0,1,1890,1,4907,1,0,368,1,1,2019,6,11,687.0,0
107,3136,307,1,1,0,1,1890,1,4907,1,0,26122,1,1,2019,7,3,899.0,0
108,3136,372,1,1,0,1,1890,1,4907,1,0,1209,1,1,2019,7,4,913.0,0
109,3136,385,1,1,0,1,1890,1,4907,1,0,26121,1,1,2019,6,10,675.0,0
110,3136,390,1,1,0,1,1890,1,4907,1,0,233,1,1,2019,6,13,707.0,0
111,3136,844,1,1,0,1,1890,1,4907,1,0,542,1,1,2019,6,27,844.0,0
112,3136,845,1,1,0,1,1890,1,4907,1,0,5,1,1,2019,7,11,978.0,0
113,3136,970,1,1,0,1,1890,1,4907,1,0,26128,1,1,2019,7,3,903.0,0
114,3136,984,1,1,0,1,1890,1,4907,1,0,233,1,1,2019,7,6,927.0,0
115,3136,985,1,1,0,1,1890,1,4907,1,0,26128,1,1,2019,7,3,903.0,0
116,3136,988,1,1,0,1,1890,1,4907,1,0,206,1,1,2019,7,9,956.0,0
117,3136,989,1,1,0,1,1890,1,4907,1,0,423,1,1,2019,7,1,879.0,0
118,3136,990,1,1,0,1,1890,1,4907,1,0,427,1,1,2019,6,29,860.0,0
119,3136,991,1,1,0,1,1890,1,4907,1,0,427,1,1,2019,7,3,898.0,0
120,3136,994,1,1,0,1,1890,1,4907,1,0,254,1,1,2019,7,7,937.0,0
121,3136,995,1,1,0,1,1890,1,4907,1,0,671,1,1,2019,7,5,916.0,0
122,3136,1001,1,1,0,1,1890,1,4907,1,0,19,1,1,2019,7,5,922.0,0
123,3136,1255,1,1,0,1,1890,1,4907,1,0,1238,1,1,2019,7,6,923.0,0
124,3136,1260,1,1,0,1,1890,1,4907,1,0,26126,1,1,2019,7,12,985.0,0
125,3136,1263,1,1,0,1,1890,1,4907,1,0,3434,1,1,2019,7,5,916.0,0
126,3136,1353,1,1,0,1,1890,1,4907,1,0,170854,1,1,2019,7,4,907.0,0
127,3136,1356,1,1,0,1,1890,1,4907,1,0,473,1,1,2019,7,6,932.0,0
128,3136,1358,1,1,0,1,1890,1,4907,1,0,26144,1,1,2019,7,3,903.0,0
129,3136,1381,1,1,0,1,1890,1,4907,1,0,53889,1,1,2019,7,5,919.0,0
130,55265,99,1,0,1,0,274,0,0,0,0,5,1,1,2019,6,11,686.0,0
131,55265,114,1,0,1,0,274,0,0,0,0,5,1,1,2019,6,3,612.0,0
132,55265,115,1,0,1,0,274,0,0,0,0,2,1,1,2019,6,11,686.0,0
133,55265,116,1,0,1,0,274,0,0,0,0,3,1,1,2019,6,11,686.0,0
134,55265,117,1,0,1,0,274,0,0,0,0,2,1,1,2019,6,11,686.0,0
135,55265,434,1,0,1,0,274,0,0,0,0,595,1,1,2019,7,2,892.0,0
136,55265,435,1,0,1,0,274,0,0,0,0,232,1,1,2019,6,12,698.0,0
137,55265,436,1,0,1,0,274,0,0,0,0,2,1,1,2019,6,19,765.0,0
138,55265,437,1,0,1,0,274,0,0,0,0,271,1,1,2019,7,10,966.0,0
139,55265,445,1,0,1,0,274,0,0,0,0,559,1,1,2019,7,5,921.0,0
140,55265,1189,1,0,1,0,274,0,0,0,0,294,1,1,2019,7,5,921.0,0
141,55265,1277,1,0,1,0,274,0,0,0,0,15180,1,1,2019,7,5,916.0,0
142,55265,1278,1,0,1,0,274,0,0,0,0,485,1,1,2019,7,3,902.0,0
143,55265,1279,1,0,1,0,274,0,0,0,0,233,1,1,2019,7,6,927.0,0
144,55265,1421,1,0,1,0,274,0,0,0,0,17,1,1,2019,7,5,919.0,0
145,55265,1422,1,0,1,0,274,0,0,0,0,14579,1,1,2019,7,5,919.0,0
146,55265,1423,1,0,1,0,274,0,0,0,0,20088,1,1,2019,7,4,910.0,0
147,55265,1425,1,0,1,0,274,0,0,0,0,612,1,1,2019,7,4,910.0,0
148,55265,1428,1,0,1,0,274,0,0,0,0,170890,1,1,2019,7,5,914.0,0
149,55265,1430,1,0,1,0,274,0,0,0,0,26051,1,0,2019,7,4,908.0,0
150,55265,1431,1,0,1,0,274,0,0,0,0,955,1,1,2019,7,5,918.0,0
151,55265,1433,1,0,1,0,274,0,0,0,0,341,1,1,2019,7,6,926.0,0
152,6140,100,1,1,1,1,3,1,76,1,0,5,1,1,2019,6,11,686.0,0
153,6140,131,1,1,1,1,3,1,76,1,0,5,1,1,2019,4,20,184.0,0
154,6140,286,1,1,1,1,3,1,76,1,0,232,1,1,2019,6,12,697.0,0
155,6140,311,1,1,1,1,3,1,76,1,0,1209,1,1,2019,7,5,914.0,0
156,6140,312,1,1,1,1,3,1,76,1,0,3225,1,1,2019,6,6,641.0,0
157,6140,648,1,1,1,1,3,1,76,1,0,239,1,1,2019,7,5,916.0,0
158,6140,652,1,1,1,1,3,1,76,1,0,233,1,1,2019,6,14,716.0,0
159,6140,726,1,1,1,1,3,1,76,1,0,677,1,1,2019,7,3,903.0,0
160,6140,818,1,1,1,1,3,1,76,1,0,2,1,1,2019,7,10,968.0,0
161,6140,841,1,1,1,1,3,1,76,1,0,631,1,1,2019,7,12,989.0,0
162,6140,1236,1,1,1,1,3,1,76,1,0,505,1,1,2019,7,4,910.0,0
163,6140,1404,1,1,1,1,3,1,76,1,0,26128,1,1,2019,7,5,922.0,0
164,6140,1688,1,1,1,1,3,1,76,1,0,55109,1,1,2019,7,7,936.0,0
165,6140,1692,1,1,1,1,3,1,76,1,0,26128,1,1,2019,7,5,922.0,0
166,415,101,1,0,1,1,1891,1,0,1,0,5,1,1,2019,6,11,686.0,0
167,415,394,1,0,1,1,1891,1,0,1,0,26128,1,1,2019,6,13,709.0,0
168,415,479,1,0,1,1,1891,1,0,1,0,26212,1,1,2019,7,7,936.0,0
169,415,1068,1,0,1,1,1891,1,0,1,0,457,1,1,2019,7,5,922.0,0
170,415,1071,1,0,1,1,1891,1,0,1,0,344,1,1,2019,7,2,891.0,0
171,415,1072,1,0,1,1,1891,1,0,1,0,242,1,1,2019,7,2,888.0,0
172,415,1396,1,0,1,1,1891,1,0,1,0,26122,1,1,2019,7,7,941.0,0
173,415,1865,1,0,1,1,1891,1,0,1,0,6140,1,1,2019,7,7,938.0,0
174,19,103,1,0,1,1,1906,1,794,1,0,5,1,1,2019,6,11,686.0,0
175,19,790,1,0,1,1,1906,1,794,1,0,232,1,1,2019,6,28,853.0,0
176,19,804,1,0,1,1,1906,1,794,1,0,212,1,1,2019,6,21,784.0,0
177,19,806,1,0,1,1,1906,1,794,1,0,341,1,1,2019,7,5,919.0,0
178,19,1595,1,0,1,1,1906,1,794,1,0,42404,1,1,2019,7,9,958.0,0
179,19,1764,1,0,1,1,1906,1,794,1,0,885,1,1,2019,7,6,925.0,0
180,19,1767,1,0,1,1,1906,1,794,1,0,285,1,1,2019,7,13,994.0,0
181,19,1768,1,0,1,1,1906,1,794,1,0,53701,1,1,2019,7,5,922.0,0
182,103224,105,1,0,1,0,1892,1,0,0,0,2,1,1,2019,4,3,20.0,0
183,26111,107,1,0,1,1,1889,0,1050,1,0,2,1,1,2019,6,11,686.0,0
184,26111,119,1,0,1,1,1889,0,1050,1,0,5,1,1,2019,6,3,612.0,0
185,26111,206,1,0,1,1,1889,0,1050,1,0,19,1,0,2019,6,5,633.0,0
186,26111,207,1,0,1,1,1889,0,1050,1,0,13,1,1,2019,6,11,686.0,0
187,271,118,1,0,2,1,1906,1,29633,1,0,5,1,1,2019,6,5,623.0,0
188,271,127,1,0,2,1,1906,1,29633,1,0,3,1,1,2019,6,3,612.0,0
189,271,186,1,0,2,1,1906,1,29633,1,0,5,1,1,2019,7,2,893.0,0
190,271,191,1,0,2,1,1906,1,29633,1,0,14,1,1,2019,7,10,964.0,0
191,271,344,1,0,2,1,1906,1,29633,1,0,629,1,1,2019,6,10,677.0,0
192,271,371,1,0,2,1,1906,1,29633,1,0,26122,1,1,2019,6,9,668.0,0
193,271,819,1,0,2,1,1906,1,29633,1,0,423,1,1,2019,6,22,791.0,0
194,271,820,1,0,2,1,1906,1,29633,1,0,487,1,1,2019,6,23,803.0,0
195,271,829,1,0,2,1,1906,1,29633,1,0,1209,1,1,2019,7,4,913.0,0
196,271,847,1,0,2,1,1906,1,29633,1,0,5,1,1,2019,7,11,979.0,0
197,271,855,1,0,2,1,1906,1,29633,1,0,238,1,1,2019,6,27,843.0,0
198,271,862,1,0,2,1,1906,1,29633,1,0,26117,1,1,2019,6,24,812.0,0
199,271,868,1,0,2,1,1906,1,29633,1,0,26212,1,1,2019,7,1,883.0,0
200,271,948,1,0,2,1,1906,1,29633,1,0,219,1,1,2019,6,28,851.0,0
201,271,959,1,0,2,1,1906,1,29633,1,0,232,1,1,2019,6,28,853.0,0
202,271,962,1,0,2,1,1906,1,29633,1,0,233,1,1,2019,7,6,927.0,0
203,271,963,1,0,2,1,1906,1,29633,1,0,677,1,1,2019,7,3,903.0,0
204,271,964,1,0,2,1,1906,1,29633,1,0,382,1,1,2019,6,30,870.0,0
205,271,992,1,0,2,1,1906,1,29633,1,0,427,1,1,2019,7,4,910.0,0
206,271,1002,1,0,2,1,1906,1,29633,1,0,232,1,1,2019,7,9,961.0,0
207,271,1626,1,0,2,1,1906,1,29633,1,0,10731,1,1,2019,7,12,982.0,0
208,271,1629,1,0,2,1,1906,1,29633,1,0,26212,1,1,2019,7,11,976.0,0
209,271,1630,1,0,2,1,1906,1,29633,1,0,3436,1,1,2019,7,5,919.0,0
210,271,1689,1,0,2,1,1906,1,29633,1,0,232,1,1,2019,7,5,920.0,0
211,271,1781,1,0,2,1,1906,1,29633,1,0,1321,1,1,2019,7,6,927.0,0
212,271,1841,1,0,2,1,1906,1,29633,1,0,233,1,1,2019,7,6,928.0,0
213,170954,123,1,0,2,1,113,0,0,0,0,5,1,1,2019,6,11,686.0,0
214,170954,126,1,0,2,1,113,0,0,0,0,3,1,1,2019,4,17,155.0,0
215,170954,148,1,0,2,1,113,0,0,0,0,10,1,1,2019,6,3,612.0,0
216,170954,160,1,0,2,1,113,0,0,0,0,2,1,1,2019,6,3,612.0,0
217,170954,172,1,0,2,1,113,0,0,0,0,5,1,1,2019,7,12,986.0,0
218,170954,185,1,0,2,1,113,0,0,0,0,261,1,1,2019,6,10,681.0,0
219,170954,345,1,0,2,1,113,0,0,0,0,232,1,1,2019,6,12,698.0,0
220,170954,379,1,0,2,1,113,0,0,0,0,212,1,1,2019,6,12,700.0,0
221,170954,386,1,0,2,1,113,0,0,0,0,1,1,1,2019,7,12,989.0,0
222,170954,472,1,0,2,1,113,0,0,0,0,473,1,1,2019,7,8,947.0,0
223,170954,502,1,0,2,1,113,0,0,0,0,19,1,1,2019,7,11,974.0,0
224,170954,832,1,0,2,1,113,0,0,0,0,26144,1,1,2019,6,21,787.0,0
225,170954,853,1,0,2,1,113,0,0,0,0,260,1,1,2019,7,2,891.0,0
226,170954,859,1,0,2,1,113,0,0,0,0,6625,1,1,2019,6,24,811.0,0
227,170954,863,1,0,2,1,113,0,0,0,0,232,1,1,2019,6,28,853.0,0
228,170954,864,1,0,2,1,113,0,0,0,0,232,1,1,2019,7,9,961.0,0
229,170954,867,1,0,2,1,113,0,0,0,0,232,1,1,2019,6,25,825.0,0
230,170954,881,1,0,2,1,113,0,0,0,0,212,1,1,2019,6,24,811.0,0
231,170954,976,1,0,2,1,113,0,0,0,0,691,1,1,2019,7,5,919.0,0
232,170954,979,1,0,2,1,113,0,0,0,0,232,1,1,2019,6,28,855.0,0
233,170954,1309,1,0,2,1,113,0,0,0,0,53964,1,1,2019,7,3,903.0,0
234,170954,1316,1,0,2,1,113,0,0,0,0,53701,1,1,2019,7,3,903.0,0
235,170954,1318,1,0,2,1,113,0,0,0,0,39701,1,1,2019,7,5,921.0,0
236,170954,1323,1,0,2,1,113,0,0,0,0,19,1,1,2019,7,8,947.0,0
237,616,128,1,0,2,1,1889,1,904,1,0,2,1,1,2019,6,11,686.0,0
238,616,164,1,0,2,1,1889,1,904,1,0,19,1,1,2019,5,16,434.0,0
239,616,166,1,0,2,1,1889,1,904,1,0,10,1,1,2019,6,7,647.0,0
240,616,174,1,0,2,1,1889,1,904,1,0,5,1,1,2019,6,6,638.0,0
241,616,175,1,0,2,1,1889,1,904,1,0,19,1,1,2019,5,23,503.0,0
242,616,193,1,0,2,1,1889,1,904,1,0,5,1,1,2019,7,6,929.0,0
243,616,234,1,0,2,1,1889,1,904,1,0,14,1,1,2019,7,11,976.0,0
244,171017,132,1,0,2,0,113,0,0,0,0,5,1,1,2019,6,11,686.0,0
245,171017,1476,1,0,2,0,113,0,0,0,0,271,1,1,2019,7,10,966.0,0
246,213,136,1,0,1,1,1897,1,3899,1,0,5,1,1,2019,6,30,873.0,0
247,213,137,1,0,1,1,1897,1,3899,1,0,3,1,1,2019,5,16,436.0,0
248,213,157,1,0,1,1,1897,1,3899,1,0,19,1,1,2019,7,6,930.0,0
249,213,158,1,0,1,1,1897,1,3899,1,0,5,1,1,2019,5,6,342.0,0
250,213,159,1,0,1,1,1897,1,3899,1,0,5,1,1,2019,5,16,435.0,0
251,213,761,1,0,1,1,1897,1,3899,1,0,238,1,1,2019,7,3,897.0,0
252,213,1394,1,0,1,1,1897,1,3899,1,0,25986,1,1,2019,7,12,987.0,0
253,65514,138,1,0,1,1,2441,1,0,0,0,3,1,1,2019,5,16,437.0,0
254,254,139,1,0,1,1,1891,1,6701,1,0,18,1,1,2019,4,23,215.0,0
255,254,140,1,0,1,1,1891,1,6701,1,0,5,1,1,2019,6,22,794.0,0
256,254,141,1,0,1,1,1891,1,6701,1,0,13,1,1,2019,4,26,245.0,0
257,254,150,1,0,1,1,1891,1,6701,1,0,19,1,1,2019,4,30,283.0,0
258,254,151,1,0,1,1,1891,1,6701,1,0,19,1,1,2019,4,30,283.0,0
259,254,152,1,0,1,1,1891,1,6701,1,0,19,1,1,2019,7,6,930.0,0
260,254,212,1,0,1,1,1891,1,6701,1,0,1,1,1,2019,6,9,668.0,0
261,254,222,1,0,1,1,1891,1,6701,1,0,2,1,1,2019,7,2,891.0,0
262,254,223,1,0,1,1,1891,1,6701,1,0,5,1,1,2019,6,11,686.0,0
263,254,373,1,0,1,1,1891,1,6701,1,0,239,1,1,2019,7,3,902.0,0
264,254,412,1,0,1,1,1891,1,6701,1,0,271,1,1,2019,7,10,965.0,0
265,254,418,1,0,1,1,1891,1,6701,1,0,15316,1,1,2019,6,22,789.0,0
266,254,419,1,0,1,1,1891,1,6701,1,0,501,1,1,2019,6,11,687.0,0
267,254,421,1,0,1,1,1891,1,6701,1,0,640,1,1,2019,6,11,687.0,0
268,254,423,1,0,1,1,1891,1,6701,1,0,271,1,1,2019,6,25,819.0,0
269,254,424,1,0,1,1,1891,1,6701,1,0,26128,1,1,2019,6,10,676.0,0
270,254,425,1,0,1,1,1891,1,6701,1,0,26122,1,1,2019,6,20,775.0,0
271,254,427,1,0,1,1,1891,1,6701,1,0,13,1,1,2019,7,3,898.0,0
272,254,428,1,0,1,1,1891,1,6701,1,0,13,1,1,2019,7,10,970.0,0
273,254,429,1,0,1,1,1891,1,6701,1,0,261,1,1,2019,7,12,984.0,0
274,254,430,1,0,1,1,1891,1,6701,1,0,242,1,1,2019,6,22,788.0,0
275,254,431,1,0,1,1,1891,1,6701,1,0,261,1,1,2019,7,5,917.0,0
276,254,432,1,0,1,1,1891,1,6701,1,0,269,1,1,2019,6,22,789.0,0
277,254,659,1,0,1,1,1891,1,6701,1,0,5,1,1,2019,7,3,903.0,0
278,254,666,1,0,1,1,1891,1,6701,1,0,1209,1,1,2019,7,5,914.0,0
279,254,667,1,0,1,1,1891,1,6701,1,0,232,1,1,2019,6,29,864.0,0
280,254,668,1,0,1,1,1891,1,6701,1,0,301,1,1,2019,6,14,715.0,0
281,6440,142,1,1,1,1,1260,0,552,0,0,13,1,1,2019,4,26,245.0,0
282,6440,143,1,1,1,1,1260,0,552,0,0,13,1,1,2019,4,26,245.0,0
283,6440,144,1,1,1,1,1260,0,552,0,0,13,1,1,2019,4,26,245.0,0
284,6440,161,1,1,1,1,1260,0,552,0,0,5,1,1,2019,6,11,686.0,0
285,6440,162,1,1,1,1,1260,0,552,0,0,21,1,1,2019,6,12,700.0,0
286,6440,163,1,1,1,1,1260,0,552,0,0,5,1,1,2019,6,3,612.0,0
287,6440,181,1,1,1,1,1260,0,552,0,0,13,1,1,2019,7,8,949.0,0
288,6440,182,1,1,1,1,1260,0,552,0,0,13,1,1,2019,6,3,612.0,0
289,6440,183,1,1,1,1,1260,0,552,0,0,3,1,1,2019,7,11,976.0,0
290,6440,184,1,1,1,1,1260,0,552,0,0,261,1,1,2019,6,10,681.0,0
291,6440,229,1,1,1,1,1260,0,552,0,0,13693,1,1,2019,7,4,907.0,0
292,229,145,1,0,1,1,2955,1,290,0,0,13,1,1,2019,4,26,245.0,0
293,229,146,1,0,1,1,2955,1,290,0,0,10,1,1,2019,6,3,612.0,0
294,229,147,1,0,1,1,2955,1,290,0,0,10,1,1,2019,4,26,245.0,0
295,229,153,1,0,1,1,2955,1,290,0,0,2,1,1,2019,4,30,283.0,0
296,229,154,1,0,1,1,2955,1,290,0,0,2,1,1,2019,4,30,283.0,0
297,229,155,1,0,1,1,2955,1,290,0,0,2,1,1,2019,6,11,686.0,0
298,229,156,1,0,1,1,2955,1,290,0,0,19,1,1,2019,5,8,359.0,0
299,226,167,1,0,1,1,1906,1,3546,1,0,19,1,1,2019,5,16,437.0,0
300,226,179,1,0,1,1,1906,1,3546,1,0,8,1,1,2019,7,12,984.0,0
301,226,180,1,0,1,1,1906,1,3546,1,0,19,1,1,2019,6,9,671.0,0
302,226,188,1,0,1,1,1906,1,3546,1,0,5,1,1,2019,7,2,893.0,0
303,226,189,1,0,1,1,1906,1,3546,1,0,2,1,1,2019,7,12,986.0,0
304,226,200,1,0,1,1,1906,1,3546,1,0,2,1,1,2019,6,18,755.0,0
305,226,205,1,0,1,1,1906,1,3546,1,0,13,1,1,2019,7,5,917.0,0
306,226,500,1,0,1,1,1906,1,3546,1,0,691,1,1,2019,7,5,919.0,0
307,226,508,1,0,1,1,1906,1,3546,1,0,26154,1,1,2019,7,3,900.0,0
308,226,1127,1,0,1,1,1906,1,3546,1,0,53606,1,1,2019,7,3,902.0,0
309,3362,168,1,1,1,1,1890,1,5365,1,0,19,1,1,2019,6,5,633.0,0
310,3362,187,1,1,1,1,1890,1,5365,1,0,5,1,1,2019,6,11,686.0,0
311,3362,1462,1,1,1,1,1890,1,5365,1,0,331,1,1,2019,7,5,920.0,0
312,3362,1612,1,1,1,1,1890,1,5365,1,0,485,1,1,2019,7,5,916.0,0
313,170450,169,0,0,0,0,3,0,0,1,0,19,1,1,2019,7,9,952.0,0
314,170450,1253,0,0,0,0,3,0,0,1,0,359,1,1,2019,7,11,974.0,0
315,202,170,1,0,1,1,120,1,168,1,0,5,1,1,2019,6,10,681.0,0
316,202,171,1,0,1,1,120,1,168,1,0,5,1,1,2019,5,21,483.0,0
317,202,231,1,0,1,1,120,1,168,1,0,415,1,1,2019,7,6,928.0,0
318,202,232,1,0,1,1,120,1,168,1,0,14,1,0,2019,6,11,686.0,0
319,202,245,1,0,1,1,120,1,168,1,0,6625,1,1,2019,6,22,797.0,0
320,202,308,1,0,1,1,120,1,168,1,0,26144,1,1,2019,6,6,639.0,0
321,202,382,1,0,1,1,120,1,168,1,0,1,1,1,2019,7,3,901.0,0
322,202,383,1,0,1,1,120,1,168,1,0,26121,1,1,2019,6,8,657.0,0
323,202,384,1,0,1,1,120,1,168,1,0,232,1,1,2019,6,17,746.0,0
324,202,466,1,0,1,1,120,1,168,1,0,233,1,1,2019,6,20,777.0,0
325,202,467,1,0,1,1,120,1,168,1,0,10,1,1,2019,6,13,707.0,0
326,202,470,1,0,1,1,120,1,168,1,0,301,1,1,2019,6,12,697.0,0
327,202,471,1,0,1,1,120,1,168,1,0,473,1,1,2019,6,12,698.0,0
328,202,513,1,0,1,1,120,1,168,1,0,4311,1,1,2019,6,12,697.0,0
329,202,514,1,0,1,1,120,1,168,1,0,14570,1,1,2019,6,13,709.0,0
330,202,515,1,0,1,1,120,1,168,1,0,26128,1,1,2019,6,12,697.0,0
331,202,537,1,0,1,1,120,1,168,1,0,19,1,1,2019,7,4,910.0,0
332,202,544,1,0,1,1,120,1,168,1,0,423,1,1,2019,6,14,710.0,0
333,202,545,1,0,1,1,120,1,168,1,0,362,1,1,2019,6,13,703.0,0
334,202,548,1,0,1,1,120,1,168,1,0,233,1,1,2019,6,27,840.0,0
335,202,550,1,0,1,1,120,1,168,1,0,26051,1,1,2019,7,11,973.0,0
336,202,551,1,0,1,1,120,1,168,1,0,677,1,1,2019,7,4,913.0,0
337,202,552,1,0,1,1,120,1,168,1,0,232,1,1,2019,6,29,864.0,0
338,202,553,1,0,1,1,120,1,168,1,0,232,1,1,2019,6,12,698.0,0
339,202,555,1,0,1,1,120,1,168,1,0,595,1,1,2019,7,5,922.0,0
340,202,580,1,0,1,1,120,1,168,1,0,501,1,1,2019,6,13,704.0,0
341,202,591,1,0,1,1,120,1,168,1,0,232,1,1,2019,6,13,706.0,0
342,202,592,1,0,1,1,120,1,168,1,0,26128,1,1,2019,7,5,919.0,0
343,202,639,1,0,1,1,120,1,168,1,0,685,1,1,2019,7,5,922.0,0
344,202,767,1,0,1,1,120,1,168,1,0,631,1,1,2019,6,25,821.0,0
345,202,769,1,0,1,1,120,1,168,1,0,316,1,1,2019,6,21,785.0,0
346,202,774,1,0,1,1,120,1,168,1,0,233,1,1,2019,7,6,927.0,0
347,202,776,1,0,1,1,120,1,168,1,0,233,1,1,2019,6,20,777.0,0
348,202,777,1,0,1,1,120,1,168,1,0,233,1,1,2019,7,6,927.0,0
349,202,779,1,0,1,1,120,1,168,1,0,232,1,1,2019,6,21,784.0,0
350,202,780,1,0,1,1,120,1,168,1,0,232,1,1,2019,6,20,775.0,0
351,202,781,1,0,1,1,120,1,168,1,0,691,1,1,2019,7,5,919.0,0
352,202,840,1,0,1,1,120,1,168,1,0,691,1,1,2019,7,5,919.0,0
353,202,854,1,0,1,1,120,1,168,1,0,26128,1,1,2019,6,22,792.0,0
354,202,950,1,0,1,1,120,1,168,1,0,677,1,1,2019,6,28,849.0,0
355,202,951,1,0,1,1,120,1,168,1,0,19,1,1,2019,6,28,854.0,0
356,202,1082,1,0,1,1,120,1,168,1,0,26154,1,1,2019,7,3,900.0,0
357,202,1285,1,0,1,1,120,1,168,1,0,238,1,1,2019,7,3,903.0,0
358,202,1286,1,0,1,1,120,1,168,1,0,25986,1,1,2019,7,3,903.0,0
359,202,1301,1,0,1,1,120,1,168,1,0,3136,1,1,2019,7,3,903.0,0
360,202,1303,1,0,1,1,120,1,168,1,0,53701,1,1,2019,7,3,903.0,0
361,202,1304,1,0,1,1,120,1,168,1,0,26144,1,1,2019,7,3,903.0,0
362,202,1319,1,0,1,1,120,1,168,1,0,3136,1,1,2019,7,3,903.0,0
363,202,1320,1,0,1,1,120,1,168,1,0,26144,1,1,2019,7,3,903.0,0
364,202,1324,1,0,1,1,120,1,168,1,0,212,1,1,2019,7,3,903.0,0
365,202,1325,1,0,1,1,120,1,168,1,0,267,1,1,2019,7,3,902.0,0
366,202,1326,1,0,1,1,120,1,168,1,0,25986,1,1,2019,7,4,907.0,0
367,202,1382,1,0,1,1,120,1,168,1,0,636,1,1,2019,7,4,910.0,0
368,202,1383,1,0,1,1,120,1,168,1,0,26212,1,1,2019,7,4,907.0,0
369,202,1384,1,0,1,1,120,1,168,1,0,239,1,1,2019,7,9,956.0,0
370,202,1393,1,0,1,1,120,1,168,1,0,42404,1,1,2019,7,4,912.0,0
371,1822,194,1,1,0,1,1890,1,4401,1,0,5,1,1,2019,7,12,986.0,0
372,1822,209,1,1,0,1,1890,1,4401,1,0,18,1,1,2019,5,31,583.0,0
373,1822,211,1,1,0,1,1890,1,4401,1,0,18,1,1,2019,7,5,920.0,0
374,1822,224,1,1,0,1,1890,1,4401,1,0,261,1,1,2019,7,12,984.0,0
375,1822,226,1,1,0,1,1890,1,4401,1,0,10,1,1,2019,7,12,984.0,0
376,1822,1033,1,1,0,1,1890,1,4401,1,0,233,1,1,2019,7,6,927.0,0
377,233,225,1,0,1,1,1906,1,2424,1,0,10,1,1,2019,6,3,612.0,0
378,233,1265,1,0,1,1,1906,1,2424,1,0,398,1,1,2019,7,4,912.0,0
379,233,1280,1,0,1,1,1906,1,2424,1,0,1822,1,1,2019,7,7,936.0,0
380,233,1406,1,0,1,1,1906,1,2424,1,0,325,1,1,2019,7,5,919.0,0
381,233,1408,1,0,1,1,1906,1,2424,1,0,338,1,1,2019,7,4,911.0,0
382,233,1411,1,0,1,1,1906,1,2424,1,0,464,1,1,2019,7,9,956.0,0
383,233,1426,1,0,1,1,1906,1,2424,1,0,54307,1,1,2019,7,5,917.0,0
384,233,1427,1,0,1,1,1906,1,2424,1,0,14488,1,1,2019,7,5,919.0,0
385,233,1438,1,0,1,1,1906,1,2424,1,0,1822,1,1,2019,7,9,959.0,0
386,233,1441,1,0,1,1,1906,1,2424,1,0,300,1,1,2019,7,4,911.0,0
387,233,1605,1,0,1,1,1906,1,2424,1,0,331,1,1,2019,7,12,984.0,0
388,233,1607,1,0,1,1,1906,1,2424,1,0,485,1,1,2019,7,5,916.0,0
389,233,1609,1,0,1,1,1906,1,2424,1,0,280,1,1,2019,7,5,917.0,0
390,485,242,1,0,1,1,2955,1,0,1,0,315,1,1,2019,6,17,749.0,0
391,656,246,0,1,0,0,3,0,7743,1,0,242,1,1,2019,7,13,997.0,0
392,3501,247,1,1,0,0,1976,0,6365,1,0,671,1,1,2019,7,4,908.0,0
393,3501,288,1,1,0,0,1976,0,6365,1,0,595,1,1,2019,6,6,639.0,0
394,3501,290,1,1,0,0,1976,0,6365,1,0,232,1,1,2019,6,29,855.0,0
395,10355,248,1,1,1,1,1889,0,782,1,0,362,1,1,2019,6,6,638.0,0
396,10355,251,1,1,1,1,1889,0,782,1,0,330,1,1,2019,6,7,646.0,0
397,10355,268,1,1,1,1,1889,0,782,1,0,15316,1,1,2019,6,6,639.0,0
398,10355,271,1,1,1,1,1889,0,782,1,0,671,1,1,2019,7,4,908.0,0
399,10355,278,1,1,1,1,1889,0,782,1,0,509,1,1,2019,6,6,639.0,0
400,10355,285,1,1,1,1,1889,0,782,1,0,26071,1,1,2019,6,13,707.0,0
401,10355,319,1,1,1,1,1889,0,782,1,0,26144,1,1,2019,6,13,707.0,0
402,10355,525,1,1,1,1,1889,0,782,1,0,13693,1,1,2019,7,4,912.0,0
403,10355,539,1,1,1,1,1889,0,782,1,0,271,1,1,2019,7,10,965.0,0
404,10355,803,1,1,1,1,1889,0,782,1,0,232,1,1,2019,6,20,772.0,0
405,10355,809,1,1,1,1,1889,0,782,1,0,1209,1,1,2019,6,23,803.0,0
406,561,249,1,0,1,1,1889,0,6733,1,0,232,1,1,2019,7,4,910.0,0
407,561,317,1,0,1,1,1889,0,6733,1,0,629,1,1,2019,6,6,642.0,0
408,561,321,1,0,1,1,1889,0,6733,1,0,464,1,1,2019,7,5,919.0,0
409,561,369,1,0,1,1,1889,0,6733,1,0,315,1,1,2019,6,17,749.0,0
410,561,388,1,0,1,1,1889,0,6733,1,0,233,1,1,2019,7,5,918.0,0
411,127180,250,1,0,1,1,113,0,0,1,0,232,1,1,2019,6,6,639.0,0
412,127180,252,1,0,1,1,113,0,0,1,0,26166,1,1,2019,6,22,789.0,0
413,127180,255,1,0,1,1,113,0,0,1,0,212,1,1,2019,6,6,638.0,0
414,127180,284,1,0,1,1,113,0,0,1,0,26127,1,1,2019,7,4,912.0,0
415,127180,305,1,0,1,1,113,0,0,1,0,233,1,1,2019,7,1,883.0,0
416,127180,517,1,0,1,1,113,0,0,1,0,26128,1,1,2019,6,12,696.0,0
417,127180,571,1,0,1,1,113,0,0,1,0,671,1,1,2019,7,5,916.0,0
418,127180,573,1,0,1,1,113,0,0,1,0,905,1,1,2019,6,24,814.0,0
419,127180,792,1,0,1,1,113,0,0,1,0,232,1,1,2019,6,21,785.0,0
420,127180,812,1,0,1,1,113,0,0,1,0,315,1,1,2019,7,7,936.0,0
421,127180,1579,1,0,1,1,113,0,0,1,0,42404,1,1,2019,7,5,918.0,0
422,127180,1589,1,0,1,1,113,0,0,1,0,687,1,1,2019,7,5,922.0,0
423,127180,1590,1,0,1,1,113,0,0,1,0,238,1,1,2019,7,5,922.0,0
424,127180,1591,1,0,1,1,113,0,0,1,0,26128,1,1,2019,7,5,918.0,0
425,127180,1651,1,0,1,1,113,0,0,1,0,3436,1,1,2019,7,6,928.0,0
426,341,253,1,0,1,1,1891,1,11985,1,0,542,1,1,2019,6,27,844.0,0
427,341,254,1,0,1,1,1891,1,11985,1,0,344,1,1,2019,6,22,789.0,0
428,341,413,1,0,1,1,1891,1,11985,1,0,212,1,1,2019,6,10,677.0,0
429,341,414,1,0,1,1,1891,1,11985,1,0,212,1,1,2019,6,8,660.0,0
430,341,934,1,0,1,1,1891,1,11985,1,0,233,1,1,2019,7,6,927.0,0
431,341,940,1,0,1,1,1891,1,11985,1,0,26128,1,1,2019,6,28,852.0,0
432,341,1281,1,0,1,1,1891,1,11985,1,0,26144,1,1,2019,7,3,902.0,0
433,341,1282,1,0,1,1,1891,1,11985,1,0,485,1,1,2019,7,3,902.0,0
434,341,1283,1,0,1,1,1891,1,11985,1,0,25986,1,1,2019,7,4,909.0,0
435,341,1288,1,0,1,1,1891,1,11985,1,0,10,1,1,2019,7,6,927.0,0
436,341,1289,1,0,1,1,1891,1,11985,1,0,53934,1,1,2019,7,4,912.0,0
437,341,1290,1,0,1,1,1891,1,11985,1,0,3434,1,1,2019,7,5,922.0,0
438,341,1291,1,0,1,1,1891,1,11985,1,0,485,1,1,2019,7,3,902.0,0
439,341,1292,1,0,1,1,1891,1,11985,1,0,3136,1,1,2019,7,3,903.0,0
440,341,1293,1,0,1,1,1891,1,11985,1,0,1238,1,1,2019,7,4,911.0,0
441,341,1690,1,0,1,1,1891,1,11985,1,0,294,1,1,2019,7,5,921.0,0
442,341,1694,1,0,1,1,1891,1,11985,1,0,1209,1,1,2019,7,12,981.0,0
443,341,1695,1,0,1,1,1891,1,11985,1,0,14570,1,1,2019,7,5,919.0,0
444,341,1696,1,0,1,1,1891,1,11985,1,0,56240,1,1,2019,7,12,986.0,0
445,341,1697,1,0,1,1,1891,1,11985,1,0,775,1,1,2019,7,13,998.0,0
446,341,1698,1,0,1,1,1891,1,11985,1,0,26128,1,1,2019,7,6,923.0,0
447,3631,256,1,1,1,1,2367,1,2156,0,0,3353,1,1,2019,6,12,695.0,0
448,3631,257,1,1,1,1,2367,1,2156,0,0,232,1,1,2019,6,7,648.0,0
449,3631,258,1,1,1,1,2367,1,2156,0,0,260,1,1,2019,6,21,786.0,0
450,3631,267,1,1,1,1,2367,1,2156,0,0,242,1,1,2019,7,12,989.0,0
451,3631,273,1,1,1,1,2367,1,2156,0,0,26166,1,1,2019,6,6,639.0,0
452,3631,274,1,1,1,1,2367,1,2156,0,0,232,1,1,2019,6,6,639.0,0
453,3631,276,1,1,1,1,2367,1,2156,0,0,232,1,1,2019,6,6,641.0,0
454,3631,277,1,1,1,1,2367,1,2156,0,0,631,1,1,2019,6,7,648.0,0
455,3631,1593,1,1,1,1,2367,1,2156,0,0,3434,1,1,2019,7,5,917.0,0
456,3631,1844,1,1,1,1,2367,1,2156,0,0,53606,1,1,2019,7,6,931.0,0
457,3631,1845,1,1,1,1,2367,1,2156,0,0,372,1,1,2019,7,6,927.0,0
458,3631,1847,1,1,1,1,2367,1,2156,0,0,283,1,1,2019,7,6,931.0,0
459,3631,1850,1,1,1,1,2367,1,2156,0,0,18537,1,1,2019,7,11,975.0,0
460,3631,1852,1,1,1,1,2367,1,2156,0,0,232,1,1,2019,7,7,938.0,0
461,26126,260,1,0,2,1,112,1,0,1,0,631,1,1,2019,7,7,939.0,0
462,26126,287,1,0,2,1,112,1,0,1,0,340,1,1,2019,7,3,898.0,0
463,26126,298,1,0,2,1,112,1,0,1,0,232,1,1,2019,6,6,640.0,0
464,26126,304,1,0,2,1,112,1,0,1,0,26122,1,1,2019,6,12,700.0,0
465,26126,313,1,0,2,1,112,1,0,1,0,26144,1,1,2019,6,10,680.0,0
466,26126,314,1,0,2,1,112,1,0,1,0,509,1,1,2019,6,10,680.0,0
467,26126,1063,1,0,2,1,112,1,0,1,0,26212,1,1,2019,7,3,898.0,0
468,26126,1067,1,0,2,1,112,1,0,1,0,212,1,1,2019,7,3,898.0,0
469,26126,1069,1,0,2,1,112,1,0,1,0,3388,1,1,2019,7,4,910.0,0
470,26126,1074,1,0,2,1,112,1,0,1,0,242,1,1,2019,7,12,989.0,0
471,26126,1080,1,0,2,1,112,1,0,1,0,509,1,1,2019,7,8,951.0,0
472,26126,1085,1,0,2,1,112,1,0,1,0,677,1,1,2019,7,3,898.0,0
473,26126,1179,1,0,2,1,112,1,0,1,0,239,1,1,2019,7,4,911.0,0
474,26126,1181,1,0,2,1,112,1,0,1,0,294,1,1,2019,7,4,908.0,0
475,26126,1185,1,0,2,1,112,1,0,1,0,398,1,1,2019,7,4,908.0,0
476,26126,1380,1,0,2,1,112,1,0,1,0,10731,1,1,2019,7,12,981.0,0
477,170873,261,1,0,1,1,113,1,0,1,0,232,1,1,2019,6,12,698.0,0
478,170873,296,1,0,1,1,113,1,0,1,0,226,1,1,2019,7,5,921.0,0
479,170873,939,1,0,1,1,113,1,0,1,0,239,1,1,2019,7,3,898.0,0
480,170873,955,1,0,1,1,113,1,0,1,0,473,1,1,2019,6,27,844.0,0
481,170873,1126,1,0,1,1,113,1,0,1,0,547,1,1,2019,7,3,901.0,0
482,170873,1180,1,0,1,1,113,1,0,1,0,232,1,1,2019,7,3,902.0,0
483,170873,1182,1,0,1,1,113,1,0,1,0,6140,1,1,2019,7,5,917.0,0
484,170873,1188,1,0,1,1,113,1,0,1,0,575,1,1,2019,7,5,919.0,0
485,170873,1191,1,0,1,1,113,1,0,1,0,354,1,1,2019,7,5,919.0,0
486,170873,1405,1,0,1,1,113,1,0,1,0,13693,1,1,2019,7,5,914.0,0
487,170873,1409,1,0,1,1,113,1,0,1,0,344,1,1,2019,7,9,952.0,0
488,26212,262,1,1,1,1,112,1,8,1,0,17188,1,1,2019,6,22,789.0,0
489,26212,570,1,1,1,1,112,1,8,1,0,232,1,1,2019,6,14,713.0,0
490,26212,814,1,1,1,1,112,1,8,1,0,213,1,1,2019,7,9,959.0,0
491,26212,857,1,1,1,1,112,1,8,1,0,212,1,1,2019,6,23,803.0,0
492,26212,1016,1,1,1,1,112,1,8,1,0,691,1,1,2019,7,5,919.0,0
493,26212,1198,1,1,1,1,112,1,8,1,0,331,1,1,2019,7,12,984.0,0
494,26212,1300,1,1,1,1,112,1,8,1,0,26144,1,1,2019,7,3,902.0,0
495,26212,1329,1,1,1,1,112,1,8,1,0,239,1,1,2019,7,6,928.0,0
496,26212,1330,1,1,1,1,112,1,8,1,0,505,1,1,2019,7,4,909.0,0
497,26212,1334,1,1,1,1,112,1,8,1,0,633,1,1,2019,7,4,908.0,0
498,26212,1335,1,1,1,1,112,1,8,1,0,633,1,1,2019,7,3,903.0,0
499,26212,1355,1,1,1,1,112,1,8,1,0,26128,1,1,2019,7,5,919.0,0
500,241,263,1,0,1,1,1891,0,17315,1,0,542,1,1,2019,6,22,789.0,0
501,261,264,1,0,0,1,1906,0,9409,1,0,379,1,1,2019,6,22,789.0,0
502,261,395,1,0,0,1,1906,0,9409,1,0,232,1,1,2019,6,12,698.0,0
503,261,408,1,0,0,1,1906,0,9409,1,0,1822,1,1,2019,7,9,954.0,0
504,56407,265,1,0,2,0,113,1,0,1,0,232,1,1,2019,6,6,639.0,0
505,56407,266,1,0,2,0,113,1,0,1,0,25982,1,1,2019,6,6,640.0,0
506,56407,398,1,0,2,0,113,1,0,1,0,26126,1,1,2019,6,15,724.0,0
507,56407,417,1,0,2,0,113,1,0,1,0,272,1,1,2019,6,8,661.0,0
508,56407,433,1,0,2,0,113,1,0,1,0,232,1,1,2019,6,12,698.0,0
509,56407,441,1,0,2,0,113,1,0,1,0,222,1,1,2019,7,11,979.0,0
510,56407,448,1,0,2,0,113,1,0,1,0,17188,1,1,2019,6,11,685.0,0
511,56407,450,1,0,2,0,113,1,0,1,0,26154,1,1,2019,6,12,700.0,0
512,56407,455,1,0,2,0,113,1,0,1,0,444,1,1,2019,7,5,918.0,0
513,56407,462,1,0,2,0,113,1,0,1,0,6,1,1,2019,6,11,686.0,0
514,56407,463,1,0,2,0,113,1,0,1,0,232,1,1,2019,6,12,698.0,0
515,56407,464,1,0,2,0,113,1,0,1,0,26117,1,1,2019,6,11,687.0,0
516,56407,465,1,0,2,0,113,1,0,1,0,671,1,1,2019,6,21,783.0,0
517,56407,559,1,0,2,0,113,1,0,1,0,330,1,1,2019,7,12,989.0,0
518,56407,561,1,0,2,0,113,1,0,1,0,905,1,1,2019,6,24,808.0,0
519,56407,900,1,0,2,0,113,1,0,1,0,905,1,1,2019,6,25,825.0,0
520,56407,904,1,0,2,0,113,1,0,1,0,10,1,1,2019,7,9,955.0,0
521,56407,1061,1,0,2,0,113,1,0,1,0,3136,1,1,2019,7,3,903.0,0
522,56407,1062,1,0,2,0,113,1,0,1,0,884,1,1,2019,7,2,892.0,0
523,56407,1118,1,0,2,0,113,1,0,1,0,1822,1,1,2019,7,10,969.0,0
524,56407,1121,1,0,2,0,113,1,0,1,0,26212,1,1,2019,7,3,899.0,0
525,56407,1123,1,0,2,0,113,1,0,1,0,3353,1,1,2019,7,4,911.0,0
526,56407,1124,1,0,2,0,113,1,0,1,0,362,1,1,2019,7,3,899.0,0
527,56407,1128,1,0,2,0,113,1,0,1,0,596,1,1,2019,7,3,901.0,0
528,56407,1132,1,0,2,0,113,1,0,1,0,473,1,1,2019,7,4,903.0,0
529,56407,1133,1,0,2,0,113,1,0,1,0,26096,1,1,2019,7,3,899.0,0
530,56407,1135,1,0,2,0,113,1,0,1,0,26096,1,1,2019,7,9,955.0,0
531,56407,1138,1,0,2,0,113,1,0,1,0,19740,1,1,2019,7,5,919.0,0
532,56407,1139,1,0,2,0,113,1,0,1,0,232,1,1,2019,7,3,899.0,0
533,56407,1140,1,0,2,0,113,1,0,1,0,1209,1,1,2019,7,5,917.0,0
534,56407,1559,1,0,2,0,113,1,0,1,0,457,1,1,2019,7,5,922.0,0
535,56407,1562,1,0,2,0,113,1,0,1,0,55158,1,1,2019,7,7,939.0,0
536,56407,1563,1,0,2,0,113,1,0,1,0,15180,1,1,2019,7,5,917.0,0
537,56407,1564,1,0,2,0,113,1,0,1,0,595,1,1,2019,7,6,928.0,0
538,56407,1565,1,0,2,0,113,1,0,1,0,232,1,1,2019,7,9,961.0,0
539,56407,1566,1,0,2,0,113,1,0,1,0,26095,1,1,2019,7,5,922.0,0
540,56407,1567,1,0,2,0,113,1,0,1,0,53641,1,1,2019,7,8,945.0,0
541,56407,1568,1,0,2,0,113,1,0,1,0,26127,1,1,2019,7,7,936.0,0
542,56407,1571,1,0,2,0,113,1,0,1,0,398,1,1,2019,7,5,917.0,0
543,56407,1572,1,0,2,0,113,1,0,1,0,25986,1,1,2019,7,5,917.0,0
544,129660,270,1,0,1,1,207,1,0,0,0,232,1,1,2019,6,6,640.0,0
545,677,272,1,1,1,1,1889,0,12155,1,0,232,1,1,2019,6,6,639.0,0
546,677,279,1,1,1,1,1889,0,12155,1,0,301,1,1,2019,6,13,701.0,0
547,677,283,1,1,1,1,1889,0,12155,1,0,232,1,1,2019,6,6,641.0,0
548,677,1284,1,1,1,1,1889,0,12155,1,0,42404,1,1,2019,7,4,912.0,0
549,677,1333,1,1,1,1,1889,0,12155,1,0,53872,1,1,2019,7,3,903.0,0
550,677,1337,1,1,1,1,1889,0,12155,1,0,377,1,1,2019,7,5,918.0,0
551,677,1339,1,1,1,1,1889,0,12155,1,0,26154,1,1,2019,7,8,946.0,0
552,677,1357,1,1,1,1,1889,0,12155,1,0,53964,1,1,2019,7,3,903.0,0
553,372,297,1,0,2,0,1906,1,674,1,0,336,1,1,2019,6,6,641.0,0
554,372,300,1,0,2,0,1906,1,674,1,0,232,1,1,2019,6,6,640.0,0
555,372,534,1,0,2,0,1906,1,674,1,0,473,1,1,2019,7,12,989.0,0
556,372,543,1,0,2,0,1906,1,674,1,0,26122,1,1,2019,7,6,932.0,0
557,372,557,1,0,2,0,1906,1,674,1,0,5,1,1,2019,6,25,824.0,0
558,372,657,1,0,2,0,1906,1,674,1,0,19,1,1,2019,7,6,925.0,0
559,372,658,1,0,2,0,1906,1,674,1,0,315,1,1,2019,7,7,936.0,0
560,372,660,1,0,2,0,1906,1,674,1,0,473,1,1,2019,6,30,871.0,0
561,372,661,1,0,2,0,1906,1,674,1,0,232,1,1,2019,6,29,864.0,0
562,372,671,1,0,2,0,1906,1,674,1,0,444,1,1,2019,7,5,918.0,0
563,372,673,1,0,2,0,1906,1,674,1,0,341,1,1,2019,7,4,912.0,0
564,372,675,1,0,2,0,1906,1,674,1,0,242,1,1,2019,7,5,919.0,0
565,372,1739,1,0,2,0,1906,1,674,1,0,3382,1,1,2019,7,6,930.0,0
566,684,309,1,1,0,1,3,1,4787,1,0,362,1,1,2019,6,22,789.0,0
567,684,633,1,1,0,1,3,1,4787,1,0,232,1,1,2019,6,29,864.0,0
568,684,641,1,1,0,1,3,1,4787,1,0,3294,1,1,2019,6,14,719.0,0
569,684,644,1,1,0,1,3,1,4787,1,0,26128,1,1,2019,7,5,919.0,0
570,283,310,1,0,1,1,2086,1,3198,1,0,14,1,1,2019,6,6,642.0,0
571,283,1218,1,0,1,1,2086,1,3198,1,0,26144,1,1,2019,7,3,903.0,0
572,283,1220,1,0,1,1,2086,1,3198,1,0,53964,1,1,2019,7,3,902.0,0
573,283,1222,1,0,1,1,2086,1,3198,1,0,26126,1,1,2019,7,3,902.0,0
574,283,1223,1,0,1,1,2086,1,3198,1,0,26040,1,1,2019,7,5,917.0,0
575,283,1224,1,0,1,1,2086,1,3198,1,0,576,1,1,2019,7,5,921.0,0
576,283,1225,1,0,1,1,2086,1,3198,1,0,576,1,1,2019,7,9,956.0,0
577,354,320,1,0,1,0,1891,0,11627,1,0,26144,1,1,2019,6,22,789.0,0
578,354,949,1,0,1,0,1891,0,11627,1,0,14570,1,1,2019,6,28,852.0,0
579,3043,322,1,1,1,1,1326,0,6321,1,0,26144,1,1,2019,6,10,680.0,0
580,3043,323,1,1,1,1,1326,0,6321,1,0,239,1,1,2019,7,3,902.0,0
581,3043,324,1,1,1,1,1326,0,6321,1,0,384,1,1,2019,6,6,640.0,0
582,369,325,1,0,0,1,1906,0,0,1,0,1209,1,1,2019,7,4,913.0,0
583,369,370,1,0,0,1,1906,0,0,1,0,26122,1,1,2019,6,9,668.0,0
584,369,377,1,0,0,1,1906,0,0,1,0,330,1,1,2019,7,12,989.0,0
585,369,380,1,0,0,1,1906,0,0,1,0,631,1,1,2019,6,13,708.0,0
586,26147,326,1,0,1,1,1891,0,0,1,0,444,1,1,2019,7,5,918.0,0
587,314,335,1,0,1,0,1891,0,5433,1,0,2,1,1,2019,7,11,976.0,0
588,314,336,1,0,1,0,1891,0,5433,1,0,26126,1,1,2019,6,13,707.0,0
589,314,337,1,0,1,0,1891,0,5433,1,0,595,1,1,2019,7,6,929.0,0
590,314,338,1,0,1,0,1891,0,5433,1,0,685,1,1,2019,6,14,715.0,0
591,314,339,1,0,1,0,1891,0,5433,1,0,232,1,1,2019,6,7,645.0,0
592,3040,346,1,1,1,1,270,0,6265,1,0,232,1,1,2019,7,1,878.0,0
593,3040,391,1,1,1,1,270,0,6265,1,0,233,1,1,2019,6,7,649.0,0
594,3040,392,1,1,1,1,270,0,6265,1,0,212,1,1,2019,6,13,707.0,0
595,3040,676,1,1,1,1,270,0,6265,1,0,905,1,1,2019,6,24,814.0,0
596,3040,1602,1,1,1,1,270,0,6265,1,0,13693,1,1,2019,7,9,958.0,0
597,3040,1604,1,1,1,1,270,0,6265,1,0,485,1,1,2019,7,5,917.0,0
598,678,355,1,1,1,1,113,0,6265,1,0,26154,1,1,2019,6,22,789.0,0
599,678,357,1,1,1,1,113,0,6265,1,0,271,1,1,2019,7,3,897.0,0
600,280,367,1,0,1,0,1891,0,5699,1,0,10,1,1,2019,7,4,911.0,0
601,280,368,1,0,1,0,1891,0,5699,1,0,368,1,1,2019,7,5,918.0,0
602,280,1149,1,0,1,0,1891,0,5699,1,0,691,1,1,2019,7,9,957.0,0
603,280,1150,1,0,1,0,1891,0,5699,1,0,631,1,1,2019,7,12,989.0,0
604,280,1151,1,0,1,0,1891,0,5699,1,0,3136,1,1,2019,7,3,899.0,0
605,6993,387,1,1,1,1,540,0,28,0,0,206,1,1,2019,6,22,796.0,0
606,487,393,1,0,1,1,1891,0,6839,1,0,238,1,1,2019,7,5,919.0,0
607,487,631,1,0,1,1,1891,0,6839,1,0,15204,1,1,2019,7,9,961.0,0
608,487,634,1,0,1,1,1891,0,6839,1,0,232,1,1,2019,6,14,715.0,0
609,487,638,1,0,1,1,1891,0,6839,1,0,473,1,1,2019,7,6,931.0,0
610,487,640,1,0,1,1,1891,0,6839,1,0,26051,1,1,2019,7,12,986.0,0
611,487,852,1,0,1,1,1891,0,6839,1,0,1209,1,1,2019,7,2,892.0,0
612,487,1193,1,0,1,1,1891,0,6839,1,0,232,1,1,2019,7,3,902.0,0
613,487,1200,1,0,1,1,1891,0,6839,1,0,56433,1,1,2019,7,3,902.0,0
614,487,1216,1,0,1,1,1891,0,6839,1,0,26040,1,1,2019,7,5,914.0,0
615,487,1217,1,0,1,1,1891,0,6839,1,0,56433,1,1,2019,7,3,902.0,0
616,487,1650,1,0,1,1,1891,0,6839,1,0,170336,1,1,2019,7,5,922.0,0
617,487,1652,1,0,1,1,1891,0,6839,1,0,3362,1,1,2019,7,5,922.0,0
618,487,1653,1,0,1,1,1891,0,6839,1,0,232,1,1,2019,7,9,961.0,0
619,487,1654,1,0,1,1,1891,0,6839,1,0,310,1,1,2019,7,7,939.0,0
620,487,1655,1,0,1,1,1891,0,6839,1,0,53606,1,1,2019,7,5,919.0,0
621,53992,399,1,0,1,1,1902,0,0,1,0,685,1,1,2019,7,5,922.0,0
622,26002,400,1,0,1,1,2323,1,0,1,0,415,1,1,2019,7,6,931.0,0
623,26002,439,1,0,1,1,2323,1,0,1,0,26117,1,1,2019,6,10,681.0,0
624,26002,451,1,0,1,1,2323,1,0,1,0,301,1,1,2019,7,6,929.0,0
625,509,401,1,0,1,1,1897,1,856,1,0,26051,1,1,2019,6,7,650.0,0
626,509,402,1,0,1,1,1897,1,856,1,0,20011,1,1,2019,6,10,676.0,0
627,509,405,1,0,1,1,1897,1,856,1,0,5,1,1,2019,7,5,917.0,0
628,509,456,1,0,1,1,1897,1,856,1,0,681,1,1,2019,6,12,698.0,0
629,509,457,1,0,1,1,1897,1,856,1,0,242,1,1,2019,7,6,928.0,0
630,509,459,1,0,1,1,1897,1,856,1,0,341,1,1,2019,7,5,919.0,0
631,509,460,1,0,1,1,1897,1,856,1,0,423,1,1,2019,6,13,707.0,0
632,509,461,1,0,1,1,1897,1,856,1,0,239,1,1,2019,7,5,916.0,0
633,509,1611,1,0,1,1,1897,1,856,1,0,581,1,1,2019,7,6,931.0,0
634,509,1770,1,0,1,1,1897,1,856,1,0,576,1,1,2019,7,9,956.0,0
635,509,1800,1,0,1,1,1897,1,856,1,0,485,1,1,2019,7,6,928.0,0
636,509,1801,1,0,1,1,1897,1,856,1,0,581,1,1,2019,7,8,947.0,0
637,509,1802,1,0,1,1,1897,1,856,1,0,457,1,1,2019,7,7,933.0,0
638,509,1804,1,0,1,1,1897,1,856,1,0,595,1,1,2019,7,8,946.0,0
639,509,1808,1,0,1,1,1897,1,856,1,0,687,1,1,2019,7,9,961.0,0
640,509,1810,1,0,1,1,1897,1,856,1,0,233,1,1,2019,7,6,928.0,0
641,509,1811,1,0,1,1,1897,1,856,1,0,1238,1,1,2019,7,6,928.0,0
642,509,1812,1,0,1,1,1897,1,856,1,0,232,1,1,2019,7,9,961.0,0
643,509,1814,1,0,1,1,1897,1,856,1,0,232,1,1,2019,7,7,939.0,0
644,509,1815,1,0,1,1,1897,1,856,1,0,3533,1,1,2019,7,7,936.0,0
645,509,1816,1,0,1,1,1897,1,856,1,0,3533,1,1,2019,7,6,928.0,0
646,509,1817,1,0,1,1,1897,1,856,1,0,238,1,1,2019,7,7,936.0,0
647,509,1819,1,0,1,1,1897,1,856,1,0,3533,1,1,2019,7,6,927.0,0
648,509,1820,1,0,1,1,1897,1,856,1,0,595,1,1,2019,7,9,956.0,0
649,509,1822,1,0,1,1,1897,1,856,1,0,338,1,1,2019,7,6,927.0,0
650,509,1824,1,0,1,1,1897,1,856,1,0,232,1,1,2019,7,6,928.0,0
651,631,410,1,0,2,1,1889,1,602,1,0,233,1,1,2019,6,10,681.0,0
652,631,411,1,0,2,1,1889,1,602,1,0,26122,1,1,2019,7,5,918.0,0
653,631,415,1,0,2,1,1889,1,602,1,0,26051,1,1,2019,7,10,970.0,0
654,631,416,1,0,2,1,1889,1,602,1,0,233,1,1,2019,6,12,699.0,0
655,631,440,1,0,2,1,1889,1,602,1,0,232,1,1,2019,6,12,698.0,0
656,631,443,1,0,2,1,1889,1,602,1,0,631,1,1,2019,6,17,748.0,0
657,631,444,1,0,2,1,1889,1,602,1,0,330,1,1,2019,7,5,922.0,0
658,631,449,1,0,2,1,1889,1,602,1,0,444,1,1,2019,7,5,918.0,0
659,631,454,1,0,2,1,1889,1,602,1,0,344,1,1,2019,7,4,909.0,0
660,631,1429,1,0,2,1,1889,1,602,1,0,170336,1,1,2019,7,4,911.0,0
661,631,1560,1,0,2,1,1889,1,602,1,0,25986,1,1,2019,7,4,912.0,0
662,26204,438,1,0,1,1,112,1,0,1,0,232,1,1,2019,6,12,698.0,0
663,26204,453,1,0,1,1,112,1,0,1,0,1238,1,1,2019,7,3,903.0,0
664,26204,572,1,0,1,1,112,1,0,1,0,905,1,1,2019,6,12,700.0,0
665,26204,826,1,0,1,1,112,1,0,1,0,473,1,1,2019,6,23,806.0,0
666,26204,856,1,0,1,1,112,1,0,1,0,316,1,1,2019,6,25,825.0,0
667,565,452,1,0,1,1,2494,1,382,0,0,509,1,1,2019,6,11,687.0,0
668,565,647,1,0,1,1,2494,1,382,0,0,239,1,1,2019,7,11,979.0,0
669,171081,468,1,0,2,0,5,0,0,0,0,269,1,1,2019,6,11,686.0,0
670,171081,476,1,0,2,0,5,0,0,0,0,415,1,1,2019,7,11,977.0,0
671,171081,478,1,0,2,0,5,0,0,0,0,26128,1,1,2019,6,11,691.0,0
672,171081,482,1,0,2,0,5,0,0,0,0,473,1,1,2019,7,7,941.0,0
673,171081,488,1,0,2,0,5,0,0,0,0,6,1,1,2019,6,11,686.0,0
674,171081,489,1,0,2,0,5,0,0,0,0,6,1,1,2019,6,11,686.0,0
675,171081,490,1,0,2,0,5,0,0,0,0,16,1,1,2019,7,5,919.0,0
676,171081,491,1,0,2,0,5,0,0,0,0,14570,1,1,2019,6,12,697.0,0
677,171081,492,1,0,2,0,5,0,0,0,0,6,1,1,2019,7,12,985.0,0
678,171081,493,1,0,2,0,5,0,0,0,0,12,1,1,2019,7,2,893.0,0
679,171081,494,1,0,2,0,5,0,0,0,0,595,1,1,2019,6,11,686.0,0
680,171081,496,1,0,2,0,5,0,0,0,0,595,1,1,2019,7,6,929.0,0
681,171081,498,1,0,2,0,5,0,0,0,0,26212,1,1,2019,6,12,699.0,0
682,171081,501,1,0,2,0,5,0,0,0,0,301,1,1,2019,7,6,929.0,0
683,171081,504,1,0,2,0,5,0,0,0,0,509,1,1,2019,6,12,694.0,0
684,171081,505,1,0,2,0,5,0,0,0,0,17,1,1,2019,7,4,908.0,0
685,171081,509,1,0,2,0,5,0,0,0,0,231,1,1,2019,6,13,707.0,0
686,171081,511,1,0,2,0,5,0,0,0,0,354,1,1,2019,7,3,901.0,0
687,171081,564,1,0,2,0,5,0,0,0,0,233,1,1,2019,6,20,777.0,0
688,171081,915,1,0,2,0,5,0,0,0,0,26117,1,1,2019,6,30,868.0,0
689,171081,924,1,0,2,0,5,0,0,0,0,330,1,1,2019,7,12,989.0,0
690,171081,933,1,0,2,0,5,0,0,0,0,233,1,1,2019,7,6,927.0,0
691,171081,1583,1,0,2,0,5,0,0,0,0,39701,1,1,2019,7,5,921.0,0
692,26128,469,1,0,2,0,1889,1,0,1,0,595,1,1,2019,7,5,922.0,0
693,26128,473,1,0,2,0,1889,1,0,1,0,19,1,1,2019,7,4,910.0,0
694,26128,481,1,0,2,0,1889,1,0,1,0,473,1,1,2019,6,26,835.0,0
695,26128,495,1,0,2,0,1889,1,0,1,0,6,1,1,2019,7,4,909.0,0
696,26128,510,1,0,2,0,1889,1,0,1,0,231,1,1,2019,6,11,689.0,0
697,26128,879,1,0,2,0,1889,1,0,1,0,595,1,1,2019,7,7,936.0,0
698,26128,882,1,0,2,0,1889,1,0,1,0,26117,1,1,2019,6,25,824.0,0
699,26128,1008,1,0,2,0,1889,1,0,1,0,415,1,1,2019,7,9,957.0,0
700,26128,1010,1,0,2,0,1889,1,0,1,0,13693,1,1,2019,7,4,907.0,0
701,26128,1012,1,0,2,0,1889,1,0,1,0,3434,1,1,2019,7,3,902.0,0
702,26128,1017,1,0,2,0,1889,1,0,1,0,473,1,1,2019,6,30,872.0,0
703,26128,1115,1,0,2,0,1889,1,0,1,0,331,1,1,2019,7,4,908.0,0
704,26128,1120,1,0,2,0,1889,1,0,1,0,636,1,1,2019,7,4,908.0,0
705,26128,1136,1,0,2,0,1889,1,0,1,0,596,1,1,2019,7,3,902.0,0
706,26128,1232,1,0,2,0,1889,1,0,1,0,483,1,1,2019,7,4,910.0,0
707,14744,474,1,1,1,1,1891,1,200,1,0,238,1,1,2019,6,15,727.0,0
708,14744,475,1,1,1,1,1891,1,200,1,0,685,1,1,2019,7,7,941.0,0
709,473,477,1,0,1,1,1891,1,386,1,0,3533,1,1,2019,7,6,926.0,0
710,1499,480,1,1,1,1,2992,1,320,0,0,691,1,1,2019,6,21,787.0,0
711,1499,512,1,1,1,1,2992,1,320,0,0,231,1,1,2019,6,13,707.0,0
712,1499,677,1,1,1,1,2992,1,320,0,0,691,1,1,2019,7,5,919.0,0
713,1499,678,1,1,1,1,2992,1,320,0,0,14570,1,1,2019,6,14,716.0,0
714,1499,1213,1,1,1,1,2992,1,320,0,0,483,1,1,2019,7,3,902.0,0
715,1499,1226,1,1,1,1,2992,1,320,0,0,26144,1,1,2019,7,3,902.0,0
716,1499,1231,1,1,1,1,2992,1,320,0,0,15204,1,1,2019,7,9,961.0,0
717,1499,1365,1,1,1,1,2992,1,320,0,0,26144,1,1,2019,7,4,907.0,0
718,1499,1366,1,1,1,1,2992,1,320,0,0,271,1,1,2019,7,5,918.0,0
719,1499,1368,1,1,1,1,2992,1,320,0,0,26128,1,1,2019,7,5,919.0,0
720,1499,1371,1,1,1,1,2992,1,320,0,0,338,1,1,2019,7,5,913.0,0
721,1499,1374,1,1,1,1,2992,1,320,0,0,232,1,1,2019,7,4,912.0,0
722,1499,1377,1,1,1,1,2992,1,320,0,0,232,1,1,2019,7,5,918.0,0
723,1499,1378,1,1,1,1,2992,1,320,0,0,398,1,1,2019,7,5,921.0,0
724,1499,1379,1,1,1,1,2992,1,320,0,0,232,1,1,2019,7,5,923.0,0
725,1499,1470,1,1,1,1,2992,1,320,0,0,330,1,1,2019,7,6,930.0,0
726,1499,1471,1,1,1,1,2992,1,320,0,0,319,1,1,2019,7,4,912.0,0
727,1499,1514,1,1,1,1,2992,1,320,0,0,372,1,1,2019,7,5,921.0,0
728,1499,1524,1,1,1,1,2992,1,320,0,0,1209,1,1,2019,7,5,919.0,0
729,1499,1526,1,1,1,1,2992,1,320,0,0,12400,1,1,2019,7,4,912.0,0
730,1499,1575,1,1,1,1,2992,1,320,0,0,532,1,1,2019,7,5,917.0,0
731,1499,1576,1,1,1,1,2992,1,320,0,0,26122,1,1,2019,7,6,932.0,0
732,1499,1577,1,1,1,1,2992,1,320,0,0,25986,1,1,2019,7,11,972.0,0
733,1499,1578,1,1,1,1,2992,1,320,0,0,5,1,1,2019,7,9,958.0,0
734,1499,1580,1,1,1,1,2992,1,320,0,0,624,1,1,2019,7,6,931.0,0
735,1499,1581,1,1,1,1,2992,1,320,0,0,3533,1,1,2019,7,6,926.0,0
736,1499,1582,1,1,1,1,2992,1,320,0,0,212,1,1,2019,7,5,919.0,0
737,1499,1585,1,1,1,1,2992,1,320,0,0,26204,1,1,2019,7,12,984.0,0
738,1499,1586,1,1,1,1,2992,1,320,0,0,4680,1,1,2019,7,6,930.0,0
739,1499,1587,1,1,1,1,2992,1,320,0,0,25986,1,1,2019,7,11,972.0,0
740,1499,1613,1,1,1,1,2992,1,320,0,0,26095,1,1,2019,7,6,932.0,0
741,1499,1615,1,1,1,1,2992,1,320,0,0,3434,1,1,2019,7,6,927.0,0
742,1499,1621,1,1,1,1,2992,1,320,0,0,25986,1,1,2019,7,11,972.0,0
743,1499,1708,1,1,1,1,2992,1,320,0,0,330,1,1,2019,7,5,920.0,0
744,1499,1736,1,1,1,1,2992,1,320,0,0,668,1,1,2019,7,10,965.0,0
745,1499,1742,1,1,1,1,2992,1,320,0,0,1209,1,1,2019,7,6,928.0,0
746,1039,483,1,1,1,1,1780,0,232,1,0,294,1,1,2019,7,4,909.0,0
747,1039,484,1,1,1,1,1780,0,232,1,0,7,1,1,2019,7,11,978.0,0
748,1039,485,1,1,1,1,1780,0,232,1,0,6,1,1,2019,6,11,685.0,0
749,1039,486,1,1,1,1,1780,0,232,1,0,515,1,1,2019,7,12,981.0,0
750,232,487,1,0,2,1,1906,1,118,1,0,3,1,1,2019,7,11,979.0,0
751,232,499,1,0,2,1,1906,1,118,1,0,341,1,1,2019,7,5,919.0,0
752,232,506,1,0,2,1,1906,1,118,1,0,316,1,1,2019,7,3,900.0,0
753,232,507,1,0,2,1,1906,1,118,1,0,20011,1,1,2019,6,11,687.0,0
754,232,613,1,0,2,1,1906,1,118,1,0,267,1,1,2019,7,2,892.0,0
755,232,646,1,0,2,1,1906,1,118,1,0,5,1,1,2019,6,13,710.0,0
756,232,649,1,0,2,1,1906,1,118,1,0,239,1,1,2019,7,2,892.0,0
757,232,651,1,0,2,1,1906,1,118,1,0,232,1,1,2019,6,29,864.0,0
758,232,694,1,0,2,1,1906,1,118,1,0,485,1,1,2019,7,3,894.0,0
759,232,880,1,0,2,1,1906,1,118,1,0,26128,1,1,2019,7,5,922.0,0
760,232,978,1,0,2,1,1906,1,118,1,0,473,1,1,2019,7,12,981.0,0
761,232,1009,1,0,2,1,1906,1,118,1,0,5,1,1,2019,7,3,899.0,0
762,232,1241,1,0,2,1,1906,1,118,1,0,532,1,1,2019,7,4,912.0,0
763,232,1244,1,0,2,1,1906,1,118,1,0,232,1,1,2019,7,4,911.0,0
764,232,1257,1,0,2,1,1906,1,118,1,0,15522,1,1,2019,7,12,988.0,0
765,232,1275,1,0,2,1,1906,1,118,1,0,457,1,1,2019,7,6,923.0,0
766,232,1305,1,0,2,1,1906,1,118,1,0,232,1,1,2019,7,4,911.0,0
767,232,1306,1,0,2,1,1906,1,118,1,0,352,1,1,2019,7,3,903.0,0
768,232,1308,1,0,2,1,1906,1,118,1,0,562,1,1,2019,7,3,903.0,0
769,232,1311,1,0,2,1,1906,1,118,1,0,212,1,1,2019,7,3,903.0,0
770,232,1312,1,0,2,1,1906,1,118,1,0,53701,1,1,2019,7,4,912.0,0
771,232,1313,1,0,2,1,1906,1,118,1,0,20011,1,1,2019,7,3,903.0,0
772,232,1314,1,0,2,1,1906,1,118,1,0,354,1,1,2019,7,5,920.0,0
773,232,1315,1,0,2,1,1906,1,118,1,0,485,1,1,2019,7,4,912.0,0
774,232,1317,1,0,2,1,1906,1,118,1,0,26129,1,1,2019,7,4,912.0,0
775,232,1321,1,0,2,1,1906,1,118,1,0,26144,1,1,2019,7,4,908.0,0
776,232,1414,1,0,2,1,1906,1,118,1,0,232,1,1,2019,7,5,919.0,0
777,232,1415,1,0,2,1,1906,1,118,1,0,457,1,1,2019,7,5,914.0,0
778,232,1416,1,0,2,1,1906,1,118,1,0,352,1,1,2019,7,5,914.0,0
779,232,1417,1,0,2,1,1906,1,118,1,0,624,1,1,2019,7,5,914.0,0
780,232,1418,1,0,2,1,1906,1,118,1,0,212,1,1,2019,7,5,922.0,0
781,232,1420,1,0,2,1,1906,1,118,1,0,26212,1,1,2019,7,11,976.0,0
782,232,1573,1,0,2,1,1906,1,118,1,0,485,1,1,2019,7,5,917.0,0
783,232,1765,1,0,2,1,1906,1,118,1,0,576,1,1,2019,7,6,926.0,0
784,73391,497,1,0,1,1,2353,0,0,1,0,19,1,1,2019,7,10,970.0,0
785,171125,516,1,0,2,1,6,1,0,0,0,13693,1,1,2019,7,4,907.0,0
786,171125,518,1,0,2,1,6,1,0,0,0,677,1,1,2019,7,3,903.0,0
787,171125,523,1,0,2,1,6,1,0,0,0,362,1,1,2019,6,12,697.0,0
788,171125,524,1,0,2,1,6,1,0,0,0,242,1,1,2019,7,10,967.0,0
789,171125,526,1,0,2,1,6,1,0,0,0,485,1,1,2019,7,4,913.0,0
790,171125,540,1,0,2,1,6,1,0,0,0,5,1,1,2019,7,11,977.0,0
791,171125,541,1,0,2,1,6,1,0,0,0,444,1,1,2019,7,5,918.0,0
792,171125,542,1,0,2,1,6,1,0,0,0,233,1,1,2019,6,12,699.0,0
793,171125,546,1,0,2,1,6,1,0,0,0,239,1,1,2019,7,2,892.0,0
794,171125,547,1,0,2,1,6,1,0,0,0,239,1,1,2019,7,2,892.0,0
795,171125,560,1,0,2,1,6,1,0,0,0,26154,1,1,2019,7,3,900.0,0
796,171125,565,1,0,2,1,6,1,0,0,0,905,1,1,2019,6,24,814.0,0
797,171125,566,1,0,2,1,6,1,0,0,0,905,1,1,2019,6,13,705.0,0
798,171125,567,1,0,2,1,6,1,0,0,0,232,1,1,2019,6,29,864.0,0
799,171125,569,1,0,2,1,6,1,0,0,0,232,1,1,2019,6,12,700.0,0
800,6,522,1,0,0,1,1891,1,11391,1,0,242,1,1,2019,6,12,696.0,0
801,6,556,1,0,0,1,1891,1,11391,1,0,473,1,1,2019,6,12,699.0,0
802,6,1152,1,0,0,1,1891,1,11391,1,0,331,1,1,2019,7,5,920.0,0
803,26005,527,1,0,1,1,2352,1,0,1,0,21,1,1,2019,7,12,984.0,0
804,26005,528,1,0,1,1,2352,1,0,1,0,640,1,1,2019,6,12,697.0,0
805,26005,529,1,0,1,1,2352,1,0,1,0,2,1,1,2019,7,4,909.0,0
806,26005,530,1,0,1,1,2352,1,0,1,0,3,1,0,2019,7,12,989.0,0
807,26005,532,1,0,1,1,2352,1,0,1,0,5,1,1,2019,6,11,690.0,0
808,26005,533,1,0,1,1,2352,1,0,1,0,271,1,1,2019,7,3,897.0,0
809,599,574,1,0,1,1,128,0,11475,1,0,427,1,1,2019,6,13,702.0,0
810,599,576,1,0,1,1,128,0,11475,1,0,427,1,1,2019,6,13,701.0,0
811,599,1091,1,0,1,1,128,0,11475,1,0,671,1,1,2019,7,5,920.0,0
812,599,1092,1,0,1,1,128,0,11475,1,0,233,1,1,2019,7,6,927.0,0
813,599,1094,1,0,1,1,128,0,11475,1,0,3136,1,1,2019,7,3,899.0,0
814,599,1099,1,0,1,1,128,0,11475,1,0,267,1,1,2019,7,2,893.0,0
815,599,1105,1,0,1,1,128,0,11475,1,0,6140,1,1,2019,7,4,908.0,0
816,599,1106,1,0,1,1,128,0,11475,1,0,423,1,1,2019,7,3,898.0,0
817,599,1107,1,0,1,1,128,0,11475,1,0,170873,1,1,2019,7,3,898.0,0
818,599,1108,1,0,1,1,128,0,11475,1,0,636,1,1,2019,7,4,905.0,0
819,599,1403,1,0,1,1,128,0,11475,1,0,395,1,1,2019,7,4,909.0,0
820,599,1685,1,0,1,1,128,0,11475,1,0,331,1,1,2019,7,12,984.0,0
821,599,1686,1,0,1,1,128,0,11475,1,0,26128,1,1,2019,7,5,922.0,0
822,599,1691,1,0,1,1,128,0,11475,1,0,232,1,1,2019,7,7,941.0,0
823,599,1699,1,0,1,1,128,0,11475,1,0,1002,1,1,2019,7,12,989.0,0
824,599,1700,1,0,1,1,128,0,11475,1,0,3436,1,1,2019,7,5,922.0,0
825,330,575,1,0,1,1,1906,1,5426,1,0,427,1,1,2019,6,12,700.0,0
826,330,650,1,0,1,1,1906,1,5426,1,0,905,1,1,2019,6,14,718.0,0
827,330,889,1,0,1,1,1906,1,5426,1,0,232,1,1,2019,7,3,903.0,0
828,330,893,1,0,1,1,1906,1,5426,1,0,26128,1,1,2019,7,5,922.0,0
829,330,896,1,0,1,1,1906,1,5426,1,0,691,1,1,2019,7,5,919.0,0
830,330,899,1,0,1,1,1906,1,5426,1,0,905,1,1,2019,6,25,825.0,0
831,330,907,1,0,1,1,1906,1,5426,1,0,10,1,1,2019,6,27,841.0,0
832,15522,577,1,1,2,1,113,1,18,1,0,427,1,1,2019,6,13,707.0,0
833,15522,877,1,1,2,1,113,1,18,1,0,232,1,1,2019,6,28,851.0,0
834,15522,885,1,1,2,1,113,1,18,1,0,233,1,1,2019,6,27,841.0,0
835,15522,892,1,1,2,1,113,1,18,1,0,330,1,1,2019,7,12,989.0,0
836,170384,578,1,0,1,0,113,0,0,0,0,427,1,1,2019,6,13,703.0,0
837,170384,595,1,0,1,0,113,0,0,0,0,233,1,1,2019,6,20,777.0,0
838,170384,607,1,0,1,0,113,0,0,0,0,473,1,1,2019,7,8,947.0,0
839,278,579,1,0,2,1,1906,0,526,1,0,26126,1,1,2019,6,12,697.0,0
840,278,587,1,0,2,1,1906,0,526,1,0,269,1,1,2019,6,12,699.0,0
841,278,597,1,0,2,1,1906,0,526,1,0,301,1,1,2019,7,6,929.0,0
842,278,599,1,0,2,1,1906,0,526,1,0,5,1,1,2019,7,12,985.0,0
843,278,601,1,0,2,1,1906,0,526,1,0,212,1,1,2019,6,22,789.0,0
844,278,603,1,0,2,1,1906,0,526,1,0,233,1,1,2019,6,20,777.0,0
845,278,605,1,0,2,1,1906,0,526,1,0,26117,1,1,2019,6,17,742.0,0
846,278,606,1,0,2,1,1906,0,526,1,0,336,1,1,2019,6,23,803.0,0
847,278,608,1,0,2,1,1906,0,526,1,0,315,1,1,2019,6,13,707.0,0
848,278,609,1,0,2,1,1906,0,526,1,0,209,1,1,2019,6,12,700.0,0
849,278,612,1,0,2,1,1906,0,526,1,0,905,1,1,2019,6,24,814.0,0
850,278,616,1,0,2,1,1906,0,526,1,0,26122,1,1,2019,7,5,918.0,0
851,278,621,1,0,2,1,1906,0,526,1,0,26128,1,1,2019,6,23,799.0,0
852,278,622,1,0,2,1,1906,0,526,1,0,691,1,1,2019,7,5,919.0,0
853,278,624,1,0,2,1,1906,0,526,1,0,26051,1,1,2019,7,2,892.0,0
854,278,626,1,0,2,1,1906,0,526,1,0,26128,1,1,2019,7,5,922.0,0
855,278,627,1,0,2,1,1906,0,526,1,0,5,1,1,2019,7,4,907.0,0
856,278,628,1,0,2,1,1906,0,526,1,0,15204,1,1,2019,7,9,961.0,0
857,278,629,1,0,2,1,1906,0,526,1,0,15204,1,1,2019,7,9,961.0,0
858,99938,582,1,0,2,0,206,1,0,0,0,26128,1,1,2019,6,12,697.0,0
859,99938,583,1,0,2,0,206,1,0,0,0,271,1,1,2019,6,27,839.0,0
860,99938,584,1,0,2,0,206,1,0,0,0,26128,1,1,2019,6,12,697.0,0
861,99938,585,1,0,2,0,206,1,0,0,0,26128,1,1,2019,6,25,821.0,0
862,99938,586,1,0,2,0,206,1,0,0,0,427,1,1,2019,6,28,852.0,0
863,99938,594,1,0,2,0,206,1,0,0,0,1020,1,1,2019,6,12,698.0,0
864,1059,588,1,1,1,1,1816,0,1002,0,0,336,1,1,2019,6,23,803.0,0
865,1059,589,1,1,1,1,1816,0,1002,0,0,12,1,1,2019,6,23,803.0,0
866,1059,590,1,1,1,1,1816,0,1002,0,0,368,1,1,2019,7,5,918.0,0
867,1059,1028,1,1,1,1,1816,0,1002,0,0,18,1,1,2019,7,13,995.0,0
868,1059,1029,1,1,1,1,1816,0,1002,0,0,26212,1,1,2019,7,2,892.0,0
869,1059,1498,1,1,1,1,1816,0,1002,0,0,1209,1,1,2019,7,5,917.0,0
870,1059,1499,1,1,1,1,1816,0,1002,0,0,25986,1,1,2019,7,5,917.0,0
871,1059,1501,1,1,1,1,1816,0,1002,0,0,753,1,1,2019,7,12,985.0,0
872,298,593,1,0,2,1,1906,0,5881,1,0,1020,1,1,2019,6,12,698.0,0
873,298,614,1,0,2,1,1906,0,5881,1,0,26122,1,1,2019,7,4,907.0,0
874,298,618,1,0,2,1,1906,0,5881,1,0,300,1,1,2019,7,2,889.0,0
875,298,623,1,0,2,1,1906,0,5881,1,0,13693,1,1,2019,7,4,907.0,0
876,298,630,1,0,2,1,1906,0,5881,1,0,15204,1,1,2019,7,9,961.0,0
877,225,610,1,0,0,1,3,0,6026,1,0,242,1,1,2019,7,6,928.0,0
878,225,619,1,0,0,1,3,0,6026,1,0,232,1,1,2019,7,3,903.0,0
879,143057,632,1,0,1,1,14,0,0,0,0,232,1,1,2019,6,16,731.0,0
880,3486,635,1,1,0,0,1890,0,7315,1,0,232,1,1,2019,6,29,864.0,0
881,294,637,1,0,1,1,1891,1,10521,1,0,631,1,1,2019,6,22,789.0,0
882,615,642,1,0,0,1,3,1,379,1,0,26154,1,1,2019,7,3,900.0,0
883,74582,645,1,0,1,1,2085,1,0,0,0,19740,1,1,2019,6,24,813.0,0
884,3079,653,1,1,1,1,2735,1,1862,0,0,26117,1,1,2019,6,21,787.0,0
885,336,654,1,0,1,1,1891,1,21454,1,0,233,1,1,2019,6,27,840.0,0
886,336,655,1,0,1,1,1891,1,21454,1,0,485,1,1,2019,7,3,894.0,0
887,336,656,1,0,1,1,1891,1,21454,1,0,3353,1,1,2019,7,3,897.0,0
888,336,662,1,0,1,1,1891,1,21454,1,0,53872,1,1,2019,6,14,716.0,0
889,336,663,1,0,1,1,1891,1,21454,1,0,677,1,1,2019,7,3,903.0,0
890,336,664,1,0,1,1,1891,1,21454,1,0,1209,1,1,2019,6,14,714.0,0
891,336,665,1,0,1,1,1891,1,21454,1,0,1209,1,1,2019,6,17,741.0,0
892,336,672,1,0,1,1,1891,1,21454,1,0,300,1,1,2019,7,12,987.0,0
893,336,679,1,0,1,1,1891,1,21454,1,0,14570,1,1,2019,6,15,725.0,0
894,336,680,1,0,1,1,1891,1,21454,1,0,232,1,1,2019,7,3,903.0,0
895,336,686,1,0,1,1,1891,1,21454,1,0,232,1,1,2019,7,3,903.0,0
896,336,687,1,0,1,1,1891,1,21454,1,0,542,1,1,2019,6,27,844.0,0
897,336,692,1,0,1,1,1891,1,21454,1,0,232,1,1,2019,7,3,903.0,0
898,336,693,1,0,1,1,1891,1,21454,1,0,232,1,1,2019,7,3,903.0,0
899,336,1043,1,0,1,1,1891,1,21454,1,0,26128,1,1,2019,7,2,892.0,0
900,336,1044,1,0,1,1,1891,1,21454,1,0,239,1,1,2019,7,11,979.0,0
901,336,1045,1,0,1,1,1891,1,21454,1,0,885,1,1,2019,7,4,910.0,0
902,26129,681,1,0,1,0,1891,1,0,1,0,473,1,1,2019,6,29,863.0,0
903,26129,682,1,0,1,0,1891,1,0,1,0,631,1,1,2019,7,3,898.0,0
904,26129,683,1,0,1,0,1891,1,0,1,0,5,1,1,2019,6,14,720.0,0
905,26129,684,1,0,1,0,1891,1,0,1,0,26166,1,1,2019,6,21,786.0,0
906,26129,685,1,0,1,0,1891,1,0,1,0,232,1,1,2019,6,16,738.0,0
907,26129,1025,1,0,1,0,1891,1,0,1,0,212,1,1,2019,7,3,902.0,0
908,26129,1027,1,0,1,0,1891,1,0,1,0,5,1,1,2019,7,10,964.0,0
909,26129,1046,1,0,1,0,1891,1,0,1,0,362,1,1,2019,7,3,896.0,0
910,26129,1047,1,0,1,0,1891,1,0,1,0,232,1,1,2019,7,3,898.0,0
911,26129,1048,1,0,1,0,1891,1,0,1,0,26128,1,1,2019,7,3,903.0,0
912,26129,1049,1,0,1,0,1891,1,0,1,0,542,1,1,2019,7,2,892.0,0
913,26129,1050,1,0,1,0,1891,1,0,1,0,631,1,1,2019,7,2,892.0,0
914,26129,1051,1,0,1,0,1891,1,0,1,0,19,1,1,2019,7,1,881.0,0
915,26129,1052,1,0,1,0,1891,1,0,1,0,19,1,1,2019,7,4,907.0,0
916,26129,1053,1,0,1,0,1891,1,0,1,0,1209,1,1,2019,7,4,913.0,0
917,26129,1056,1,0,1,0,1891,1,0,1,0,3434,1,1,2019,7,5,916.0,0
918,26129,1057,1,0,1,0,1891,1,0,1,0,232,1,1,2019,7,2,889.0,0
919,26129,1058,1,0,1,0,1891,1,0,1,0,26212,1,1,2019,7,7,936.0,0
920,26129,1059,1,0,1,0,1891,1,0,1,0,457,1,1,2019,7,3,901.0,0
921,26129,1060,1,0,1,0,1891,1,0,1,0,341,1,1,2019,7,5,919.0,0
922,4728,695,1,1,1,0,795,0,0,0,0,5,1,1,2019,7,12,987.0,0
923,4728,696,1,1,1,0,795,0,0,0,0,1209,1,1,2019,7,5,914.0,0
924,4728,697,1,1,1,0,795,0,0,0,0,315,1,1,2019,7,7,936.0,0
925,4728,698,1,1,1,0,795,0,0,0,0,301,1,1,2019,7,10,967.0,0
926,4728,699,1,1,1,0,795,0,0,0,0,26128,1,1,2019,7,5,922.0,0
927,4728,700,1,1,1,0,795,0,0,0,0,5,1,1,2019,7,7,939.0,0
928,4728,702,1,1,1,0,795,0,0,0,0,233,1,1,2019,6,18,754.0,0
929,4728,703,1,1,1,0,795,0,0,0,0,238,1,1,2019,6,17,747.0,0
930,4728,704,1,1,1,0,795,0,0,0,0,905,1,1,2019,6,15,727.0,0
931,4728,705,1,1,1,0,795,0,0,0,0,14570,1,1,2019,6,18,753.0,0
932,4728,706,1,1,1,0,795,0,0,0,0,238,1,1,2019,6,18,753.0,0
933,18,708,1,0,2,1,2494,1,362,1,0,238,1,1,2019,7,5,919.0,0
934,18,1239,1,0,2,1,2494,1,362,1,0,15180,1,1,2019,7,10,966.0,0
935,18,1439,1,0,2,1,2494,1,362,1,0,6134,1,1,2019,7,4,910.0,0
936,18,1440,1,0,2,1,2494,1,362,1,0,302,1,1,2019,7,5,917.0,0
937,18,1608,1,0,2,1,2494,1,362,1,0,338,1,1,2019,7,5,917.0,0
938,18,1610,1,0,2,1,2494,1,362,1,0,26122,1,1,2019,7,6,932.0,0
939,18,1771,1,0,2,1,2494,1,362,1,0,232,1,1,2019,7,6,927.0,0
940,18,1772,1,0,2,1,2494,1,362,1,0,232,1,1,2019,7,6,927.0,0
941,18,1773,1,0,2,1,2494,1,362,1,0,170873,1,1,2019,7,6,926.0,0
942,18,1774,1,0,2,1,2494,1,362,1,0,212,1,1,2019,7,10,966.0,0
943,18,1775,1,0,2,1,2494,1,362,1,0,5,1,1,2019,7,10,968.0,0
944,18,1776,1,0,2,1,2494,1,362,1,0,26154,1,1,2019,7,6,927.0,0
945,18,1777,1,0,2,1,2494,1,362,1,0,487,1,1,2019,7,10,965.0,0
946,18,1778,1,0,2,1,2494,1,362,1,0,3597,1,1,2019,7,8,948.0,0
947,18,1779,1,0,2,1,2494,1,362,1,0,26212,1,1,2019,7,6,926.0,0
948,18,1780,1,0,2,1,2494,1,362,1,0,26128,1,1,2019,7,6,927.0,0
949,250,709,1,0,0,1,3,1,6415,1,0,677,1,1,2019,7,2,892.0,0
950,250,710,1,0,0,1,3,1,6415,1,0,26212,1,1,2019,6,17,745.0,0
951,250,711,1,0,0,1,3,1,6415,1,0,238,1,1,2019,6,16,734.0,0
952,250,712,1,0,0,1,3,1,6415,1,0,26128,1,1,2019,7,5,922.0,0
953,250,714,1,0,0,1,3,1,6415,1,0,671,1,1,2019,7,5,920.0,0
954,250,715,1,0,0,1,3,1,6415,1,0,596,1,1,2019,7,3,898.0,0
955,250,716,1,0,0,1,3,1,6415,1,0,905,1,1,2019,7,12,986.0,0
956,250,717,1,0,0,1,3,1,6415,1,0,238,1,1,2019,7,2,893.0,0
957,250,719,1,0,0,1,3,1,6415,1,0,1822,1,1,2019,7,4,912.0,0
958,250,720,1,0,0,1,3,1,6415,1,0,473,1,1,2019,7,10,969.0,0
959,250,721,1,0,0,1,3,1,6415,1,0,26060,1,1,2019,7,4,912.0,0
960,250,722,1,0,0,1,3,1,6415,1,0,10731,1,1,2019,7,3,903.0,0
961,250,729,1,0,0,1,3,1,6415,1,0,308,1,1,2019,7,5,919.0,0
962,250,730,1,0,0,1,3,1,6415,1,0,691,1,1,2019,7,5,919.0,0
963,250,731,1,0,0,1,3,1,6415,1,0,232,1,1,2019,6,19,768.0,0
964,250,733,1,0,0,1,3,1,6415,1,0,242,1,1,2019,7,10,966.0,0
965,250,734,1,0,0,1,3,1,6415,1,0,10731,1,1,2019,7,12,981.0,0
966,250,735,1,0,0,1,3,1,6415,1,0,26117,1,1,2019,6,17,746.0,0
967,250,1507,1,0,0,1,3,1,6415,1,0,877,1,1,2019,7,11,978.0,0
968,250,1508,1,0,0,1,3,1,6415,1,0,15522,1,1,2019,7,5,914.0,0
969,250,1509,1,0,0,1,3,1,6415,1,0,3533,1,1,2019,7,6,926.0,0
970,250,1516,1,0,0,1,3,1,6415,1,0,341,1,1,2019,7,6,931.0,0
971,250,1517,1,0,0,1,3,1,6415,1,0,232,1,1,2019,7,5,917.0,0
972,250,1518,1,0,0,1,3,1,6415,1,0,54090,1,1,2019,7,5,915.0,0
973,250,1519,1,0,0,1,3,1,6415,1,0,464,1,1,2019,7,5,919.0,0
974,54103,723,1,0,1,1,375,0,0,0,0,233,1,1,2019,7,6,927.0,0
975,54103,724,1,0,1,1,375,0,0,0,0,17,1,1,2019,7,3,897.0,0
976,54103,736,1,0,1,1,375,0,0,0,0,238,1,1,2019,6,18,753.0,0
977,54103,741,1,0,1,1,375,0,0,0,0,238,1,1,2019,6,19,759.0,0
978,54103,742,1,0,1,1,375,0,0,0,0,427,1,1,2019,6,18,758.0,0
979,54103,743,1,0,1,1,375,0,0,0,0,671,1,1,2019,7,5,920.0,0
980,54103,744,1,0,1,1,375,0,0,0,0,3,1,1,2019,7,11,976.0,0
981,54103,745,1,0,1,1,375,0,0,0,0,631,1,1,2019,7,3,898.0,0
982,54103,746,1,0,1,1,375,0,0,0,0,232,1,1,2019,7,1,878.0,0
983,54103,747,1,0,1,1,375,0,0,0,0,232,1,1,2019,6,18,758.0,0
984,54103,1528,1,0,1,1,375,0,0,0,0,319,1,1,2019,7,4,911.0,0
985,54103,1531,1,0,1,1,375,0,0,0,0,691,1,1,2019,7,5,919.0,0
986,54103,1532,1,0,1,1,375,0,0,0,0,636,1,1,2019,7,4,913.0,0
987,7336,725,1,1,1,1,1978,1,1094,0,0,564,1,1,2019,6,29,861.0,0
988,7336,737,1,1,1,1,1978,1,1094,0,0,233,1,1,2019,7,6,927.0,0
989,7336,738,1,1,1,1,1978,1,1094,0,0,19,1,1,2019,6,19,766.0,0
990,7336,739,1,1,1,1,1978,1,1094,0,0,905,1,1,2019,6,20,776.0,0
991,7336,740,1,1,1,1,1978,1,1094,0,0,905,1,1,2019,6,24,813.0,0
992,7336,1489,1,1,1,1,1978,1,1094,0,0,674,1,1,2019,7,4,912.0,0
993,7336,1491,1,1,1,1,1978,1,1094,0,0,427,1,1,2019,7,4,912.0,0
994,7336,1493,1,1,1,1,1978,1,1094,0,0,3382,1,1,2019,7,6,930.0,0
995,7336,1494,1,1,1,1,1978,1,1094,0,0,19,1,1,2019,7,8,950.0,0
996,3653,727,1,1,1,1,2495,1,232,0,0,415,1,1,2019,7,6,931.0,0
997,3653,728,1,1,1,1,2495,1,232,0,0,238,1,1,2019,7,3,901.0,0
998,446,748,0,0,0,0,3,0,228,0,0,232,1,1,2019,7,1,878.0,0
999,446,749,0,0,0,0,3,0,228,0,0,232,1,1,2019,7,3,903.0,0
1000,446,750,0,0,0,0,3,0,228,0,0,1209,1,1,2019,7,3,899.0,0
1001,446,751,0,0,0,0,3,0,228,0,0,423,1,1,2019,6,20,777.0,0
1002,95411,752,1,0,1,1,2406,1,0,0,0,232,1,1,2019,7,3,903.0,0
1003,457,753,1,0,2,1,1906,1,1144,1,0,212,1,1,2019,6,23,800.0,0
1004,457,758,1,0,2,1,1906,1,1144,1,0,473,1,1,2019,7,6,931.0,0
1005,457,764,1,0,2,1,1906,1,1144,1,0,26122,1,1,2019,7,5,918.0,0
1006,457,765,1,0,2,1,1906,1,1144,1,0,232,1,1,2019,6,29,864.0,0
1007,457,766,1,0,2,1,1906,1,1144,1,0,232,1,1,2019,7,3,903.0,0
1008,457,770,1,0,2,1,1906,1,1144,1,0,3533,1,1,2019,7,6,926.0,0
1009,457,791,1,0,2,1,1906,1,1144,1,0,232,1,1,2019,6,19,766.0,0
1010,457,810,1,0,2,1,1906,1,1144,1,0,595,1,1,2019,7,10,964.0,0
1011,457,811,1,0,2,1,1906,1,1144,1,0,232,1,1,2019,7,3,903.0,0
1012,457,813,1,0,2,1,1906,1,1144,1,0,542,1,1,2019,7,2,889.0,0
1013,26035,755,1,0,1,1,2084,1,0,1,0,1209,1,1,2019,7,5,917.0,0
1014,26035,760,1,0,1,1,2084,1,0,1,0,315,1,1,2019,7,7,936.0,0
1015,26035,773,1,0,1,1,2084,1,0,1,0,232,1,1,2019,6,22,792.0,0
1016,26035,778,1,0,1,1,2084,1,0,1,0,685,1,1,2019,7,4,912.0,0
1017,6539,756,1,1,2,1,2024,0,56,0,0,19,1,1,2019,7,4,910.0,0
1018,6539,757,1,1,2,1,2024,0,56,0,0,473,1,1,2019,6,18,755.0,0
1019,6539,771,1,1,2,1,2024,0,56,0,0,26128,1,1,2019,7,4,909.0,0
1020,6539,772,1,1,2,1,2024,0,56,0,0,26122,1,1,2019,7,5,918.0,0
1021,6539,784,1,1,2,1,2024,0,56,0,0,232,1,1,2019,6,25,820.0,0
1022,6539,785,1,1,2,1,2024,0,56,0,0,564,1,1,2019,7,3,898.0,0
1023,6539,786,1,1,2,1,2024,0,56,0,0,631,1,1,2019,7,2,892.0,0
1024,49309,815,1,1,1,1,1218,1,0,1,0,232,1,1,2019,7,9,961.0,0
1025,49309,817,1,1,1,1,1218,1,0,1,0,1209,1,1,2019,6,26,831.0,0
1026,49309,846,1,1,1,1,1218,1,0,1,0,473,1,1,2019,6,25,820.0,0
1027,49309,1192,1,1,1,1,1218,1,0,1,0,6140,1,1,2019,7,10,970.0,0
1028,57081,823,1,0,2,1,2985,0,0,0,0,905,1,1,2019,6,24,814.0,0
1029,57081,848,1,0,2,1,2985,0,0,0,0,232,1,1,2019,6,28,853.0,0
1030,57081,849,1,0,2,1,2985,0,0,0,0,301,1,1,2019,6,23,803.0,0
1031,57081,850,1,0,2,1,2985,0,0,0,0,232,1,1,2019,6,26,831.0,0
1032,57081,851,1,0,2,1,2985,0,0,0,0,26212,1,1,2019,7,6,927.0,0
1033,239,828,1,0,1,0,3,0,5865,1,0,271,1,1,2019,6,24,816.0,0
1034,239,837,1,0,1,0,3,0,5865,1,0,1238,1,1,2019,6,24,813.0,0
1035,239,838,1,0,1,0,3,0,5865,1,0,26144,1,1,2019,6,24,813.0,0
1036,171121,839,1,0,1,0,90,0,0,0,0,53934,1,1,2019,7,4,912.0,0
1037,328,843,1,0,1,1,1906,1,530,0,0,2,1,1,2019,7,11,978.0,0
1038,328,860,1,0,1,1,1906,1,530,0,0,219,1,1,2019,6,28,851.0,0
1039,328,865,1,0,1,1,1906,1,530,0,0,487,1,1,2019,7,5,914.0,0
1040,242,869,1,0,0,1,3,1,17525,1,0,238,1,1,2019,7,2,893.0,0
1041,242,878,1,0,0,1,3,1,17525,1,0,595,1,1,2019,7,7,936.0,0
1042,242,890,1,0,0,1,3,1,17525,1,0,53940,1,1,2019,7,5,917.0,0
1043,242,895,1,0,0,1,3,1,17525,1,0,5,1,1,2019,7,12,987.0,0
1044,242,897,1,0,0,1,3,1,17525,1,0,905,1,1,2019,6,26,831.0,0
1045,242,901,1,0,0,1,3,1,17525,1,0,300,1,1,2019,7,12,987.0,0
1046,242,903,1,0,0,1,3,1,17525,1,0,631,1,1,2019,6,30,868.0,0
1047,242,905,1,0,0,1,3,1,17525,1,0,10,1,1,2019,6,27,841.0,0
1048,242,906,1,0,0,1,3,1,17525,1,0,10,1,1,2019,6,27,841.0,0
1049,13,883,1,0,0,0,3,1,1168,1,0,212,1,1,2019,6,24,816.0,0
1050,13,910,1,0,0,0,3,1,1168,1,0,10,1,1,2019,7,1,881.0,0
1051,13,1246,1,0,0,0,3,1,1168,1,0,53964,1,1,2019,7,3,902.0,0
1052,13,1247,1,0,0,0,3,1,1168,1,0,213,1,1,2019,7,4,909.0,0
1053,13,1251,1,0,0,0,3,1,1168,1,0,1209,1,1,2019,7,6,925.0,0
1054,13,1258,1,0,0,0,3,1,1168,1,0,26128,1,1,2019,7,6,923.0,0
1055,13,1592,1,0,0,0,3,1,1168,1,0,15316,1,1,2019,7,5,916.0,0
1056,13,1603,1,0,0,0,3,1,1168,1,0,25986,1,1,2019,7,5,917.0,0
1057,56331,884,1,0,1,0,2084,0,0,0,0,212,1,1,2019,6,24,810.0,0
1058,53263,886,1,1,1,1,2478,1,200,0,0,233,1,1,2019,6,26,831.0,0
1059,53263,1075,1,1,1,1,2478,1,200,0,0,1209,1,1,2019,7,3,898.0,0
1060,74837,894,1,0,1,1,2635,1,0,0,0,300,1,1,2019,6,25,821.0,0
1061,427,908,1,0,2,1,1906,1,4717,1,0,10,1,1,2019,6,27,841.0,0
1062,427,909,1,0,2,1,1906,1,4717,1,0,10,1,1,2019,6,27,841.0,0
1063,18537,911,1,1,2,1,1217,0,8,1,0,10,1,1,2019,6,27,841.0,0
1064,18537,913,1,1,2,1,1217,0,8,1,0,10,1,1,2019,6,27,841.0,0
1065,18537,914,1,1,2,1,1217,0,8,1,0,26117,1,1,2019,7,3,898.0,0
1066,18537,916,1,1,2,1,1217,0,8,1,0,232,1,1,2019,7,3,898.0,0
1067,18537,917,1,1,2,1,1217,0,8,1,0,271,1,1,2019,7,7,936.0,0
1068,18537,919,1,1,2,1,1217,0,8,1,0,233,1,1,2019,7,5,919.0,0
1069,18537,921,1,1,2,1,1217,0,8,1,0,2,1,1,2019,7,11,980.0,0
1070,18537,927,1,1,2,1,1217,0,8,1,0,354,1,1,2019,7,3,901.0,0
1071,18537,929,1,1,2,1,1217,0,8,1,0,238,1,1,2019,7,3,903.0,0
1072,18537,930,1,1,2,1,1217,0,8,1,0,242,1,1,2019,7,10,966.0,0
1073,18537,931,1,1,2,1,1217,0,8,1,0,631,1,1,2019,7,7,936.0,0
1074,18537,932,1,1,2,1,1217,0,8,1,0,677,1,1,2019,6,26,831.0,0
1075,170626,912,1,0,1,0,113,0,0,0,0,10,1,1,2019,6,27,841.0,0
1076,170626,918,1,0,1,0,113,0,0,0,0,19,1,1,2019,6,28,849.0,0
1077,170626,922,1,0,1,0,113,0,0,0,0,26128,1,1,2019,7,6,923.0,0
1078,170931,920,1,0,2,0,142,1,0,0,0,26128,1,1,2019,7,5,919.0,0
1079,170931,926,1,0,2,0,142,1,0,0,0,271,1,1,2019,6,26,830.0,0
1080,53606,935,1,1,1,1,2086,1,0,1,0,905,1,1,2019,6,27,842.0,0
1081,53606,936,1,1,1,1,2086,1,0,1,0,905,1,1,2019,6,27,842.0,0
1082,53606,937,1,1,1,1,2086,1,0,1,0,233,1,1,2019,7,6,927.0,0
1083,53606,938,1,1,1,1,2086,1,0,1,0,233,1,1,2019,6,29,855.0,0
1084,53606,957,1,1,1,1,2086,1,0,1,0,26121,1,1,2019,7,1,880.0,0
1085,53606,958,1,1,1,1,2086,1,0,1,0,271,1,1,2019,7,5,918.0,0
1086,23770,953,1,1,1,1,1839,0,62,0,0,53992,1,1,2019,6,28,848.0,0
1087,23770,960,1,1,1,1,1839,0,62,0,0,271,1,1,2019,6,29,863.0,0
1088,23770,961,1,1,1,1,1839,0,62,0,0,26070,1,1,2019,7,4,911.0,0
1089,23770,1760,1,1,1,1,1839,0,62,0,0,485,1,1,2019,7,6,927.0,0
1090,428,956,1,0,1,0,1891,1,56,1,0,415,1,1,2019,7,6,931.0,0
1091,428,1338,1,0,1,0,1891,1,56,1,0,485,1,1,2019,7,4,910.0,0
1092,428,1348,1,0,1,0,1891,1,56,1,0,677,1,1,2019,7,5,914.0,0
1093,428,1349,1,0,1,0,1891,1,56,1,0,298,1,1,2019,7,5,916.0,0
1094,428,1350,1,0,1,0,1891,1,56,1,0,338,1,1,2019,7,5,917.0,0
1095,428,1351,1,0,1,0,1891,1,56,1,0,271,1,1,2019,7,3,903.0,0
1096,15316,965,1,1,2,1,2763,1,286,1,0,677,1,1,2019,6,30,870.0,0
1097,15316,968,1,1,2,1,2763,1,286,1,0,53992,1,1,2019,6,29,863.0,0
1098,4680,972,1,1,1,1,400,0,100,1,0,691,1,1,2019,7,5,919.0,0
1099,4680,1359,1,1,1,1,400,0,100,1,0,25986,1,1,2019,7,12,987.0,0
1100,4680,1360,1,1,1,1,400,0,100,1,0,55158,1,1,2019,7,7,939.0,0
1101,4680,1361,1,1,1,1,400,0,100,1,0,3434,1,1,2019,7,3,903.0,0
1102,4680,1362,1,1,1,1,400,0,100,1,0,3136,1,1,2019,7,4,909.0,0
1103,4680,1364,1,1,1,1,400,0,100,1,0,3434,1,1,2019,7,4,906.0,0
1104,4680,1449,1,1,1,1,400,0,100,1,0,398,1,1,2019,7,4,912.0,0
1105,4680,1450,1,1,1,1,400,0,100,1,0,586,1,1,2019,7,8,947.0,0
1106,4680,1502,1,1,1,1,400,0,100,1,0,56240,1,1,2019,7,5,918.0,0
1107,4680,1648,1,1,1,1,400,0,100,1,0,13693,1,1,2019,7,5,918.0,0
1108,4680,1649,1,1,1,1,400,0,100,1,0,56433,1,1,2019,7,5,917.0,0
1109,4680,1701,1,1,1,1,400,0,100,1,0,232,1,1,2019,7,8,948.0,0
1110,4680,1702,1,1,1,1,400,0,100,1,0,53699,1,1,2019,7,5,921.0,0
1111,4680,1703,1,1,1,1,400,0,100,1,0,232,1,1,2019,7,5,920.0,0
1112,4680,1704,1,1,1,1,400,0,100,1,0,631,1,1,2019,7,5,919.0,0
1113,125439,973,1,0,2,0,252,0,0,0,0,232,1,1,2019,7,1,879.0,0
1114,125439,974,1,0,2,0,252,0,0,0,0,14570,1,1,2019,7,1,879.0,0
1115,125439,975,1,0,2,0,252,0,0,0,0,300,1,1,2019,7,2,887.0,0
1116,125439,996,1,0,2,0,252,0,0,0,0,232,1,1,2019,7,4,911.0,0
1117,125439,997,1,0,2,0,252,0,0,0,0,232,1,1,2019,7,1,879.0,0
1118,125439,998,1,0,2,0,252,0,0,0,0,212,1,1,2019,7,1,879.0,0
1119,125439,999,1,0,2,0,252,0,0,0,0,233,1,1,2019,7,6,927.0,0
1120,125439,1307,1,0,2,0,252,0,0,0,0,15180,1,1,2019,7,5,913.0,0
1121,125439,1310,1,0,2,0,252,0,0,0,0,633,1,1,2019,7,8,947.0,0
1122,53929,1003,1,0,1,1,3,0,0,0,0,232,1,1,2019,7,1,875.0,0
1123,53929,1004,1,0,1,1,3,0,0,0,0,17,1,1,2019,7,4,908.0,0
1124,53929,1011,1,0,1,1,3,0,0,0,0,26212,1,1,2019,6,30,873.0,0
1125,53929,1014,1,0,1,1,3,0,0,0,0,671,1,1,2019,7,5,920.0,0
1126,7114,1005,1,1,1,1,3,0,172,0,0,232,1,1,2019,7,9,961.0,0
1127,7114,1006,1,1,1,1,3,0,172,0,0,242,1,1,2019,7,10,966.0,0
1128,7114,1007,1,1,1,1,3,0,172,0,0,415,1,1,2019,7,11,979.0,0
1129,55165,1013,0,0,1,0,1891,0,0,0,0,564,1,1,2019,7,3,902.0,0
1130,49291,1018,1,1,1,1,2084,1,100,0,0,212,1,1,2019,7,2,890.0,0
1131,49291,1019,1,1,1,1,2084,1,100,0,0,233,1,1,2019,7,6,927.0,0
1132,49291,1020,1,1,1,1,2084,1,100,0,0,19,1,1,2019,7,5,916.0,0
1133,49291,1021,1,1,1,1,2084,1,100,0,0,1209,1,1,2019,7,3,899.0,0
1134,49291,1022,1,1,1,1,2084,1,100,0,0,330,1,1,2019,7,6,930.0,0
1135,143314,1030,1,0,0,1,3,0,0,0,0,473,1,1,2019,7,6,931.0,0
1136,297,1031,1,0,1,0,1906,0,1254,1,0,3434,1,1,2019,7,3,902.0,0
1137,297,1032,1,0,1,0,1906,0,1254,1,0,232,1,1,2019,7,3,903.0,0
1138,297,1034,1,0,1,0,1906,0,1254,1,0,239,1,1,2019,7,3,902.0,0
1139,297,1161,1,0,1,0,1906,0,1254,1,0,1209,1,1,2019,7,5,914.0,0
1140,297,1165,1,0,1,0,1906,0,1254,1,0,509,1,1,2019,7,3,903.0,0
1141,297,1167,1,0,1,0,1906,0,1254,1,0,53606,1,1,2019,7,4,907.0,0
1142,297,1171,1,0,1,0,1906,0,1254,1,0,212,1,1,2019,7,3,902.0,0
1143,297,1176,1,0,1,0,1906,0,1254,1,0,206,1,1,2019,7,4,911.0,0
1144,297,1177,1,0,1,0,1906,0,1254,1,0,232,1,1,2019,7,9,961.0,0
1145,297,1227,1,0,1,0,1906,0,1254,1,0,54090,1,1,2019,7,4,910.0,0
1146,297,1228,1,0,1,0,1906,0,1254,1,0,595,1,1,2019,7,6,923.0,0
1147,297,1229,1,0,1,0,1906,0,1254,1,0,595,1,1,2019,7,8,951.0,0
1148,297,1233,1,0,1,0,1906,0,1254,1,0,233,1,1,2019,7,6,927.0,0
1149,297,1234,1,0,1,0,1906,0,1254,1,0,15204,1,1,2019,7,9,961.0,0
1150,297,1527,1,0,1,0,1906,0,1254,1,0,473,1,1,2019,7,8,947.0,0
1151,297,1529,1,0,1,0,1906,0,1254,1,0,473,1,1,2019,7,4,911.0,0
1152,297,1533,1,0,1,0,1906,0,1254,1,0,13693,1,1,2019,7,5,919.0,0
1153,297,1534,1,0,1,0,1906,0,1254,1,0,3136,1,1,2019,7,5,916.0,0
1154,297,1535,1,0,1,0,1906,0,1254,1,0,26154,1,1,2019,7,5,922.0,0
1155,297,1536,1,0,1,0,1906,0,1254,1,0,53934,1,1,2019,7,5,913.0,0
1156,297,1537,1,0,1,0,1906,0,1254,1,0,485,1,1,2019,7,5,916.0,0
1157,297,1538,1,0,1,0,1906,0,1254,1,0,53699,1,1,2019,7,5,913.0,0
1158,297,1540,1,0,1,0,1906,0,1254,1,0,5,1,1,2019,7,4,911.0,0
1159,297,1541,1,0,1,0,1906,0,1254,1,0,636,1,1,2019,7,5,914.0,0
1160,297,1542,1,0,1,0,1906,0,1254,1,0,576,1,1,2019,7,6,930.0,0
1161,297,1543,1,0,1,0,1906,0,1254,1,0,444,1,1,2019,7,5,918.0,0
1162,297,1545,1,0,1,0,1906,0,1254,1,0,13693,1,1,2019,7,5,917.0,0
1163,297,1546,1,0,1,0,1906,0,1254,1,0,576,1,1,2019,7,9,956.0,0
1164,297,1547,1,0,1,0,1906,0,1254,1,0,53701,1,1,2019,7,4,912.0,0
1165,297,1548,1,0,1,0,1906,0,1254,1,0,3495,1,1,2019,7,5,920.0,0
1166,297,1549,1,0,1,0,1906,0,1254,1,0,3382,1,1,2019,7,4,913.0,0
1167,297,1550,1,0,1,0,1906,0,1254,1,0,428,1,1,2019,7,12,984.0,0
1168,297,1551,1,0,1,0,1906,0,1254,1,0,53958,1,1,2019,7,5,914.0,0
1169,297,1687,1,0,1,0,1906,0,1254,1,0,26128,1,1,2019,7,6,923.0,0
1170,297,1864,1,0,1,0,1906,0,1254,1,0,53641,1,1,2019,7,12,984.0,0
1171,54080,1035,1,0,1,0,2241,1,0,0,0,239,1,1,2019,7,5,916.0,0
1172,54080,1042,1,0,1,0,2241,1,0,0,0,677,1,1,2019,7,4,908.0,0
1173,70192,1039,1,0,1,1,2088,1,0,0,0,509,1,1,2019,7,1,883.0,0
1174,70192,1040,1,0,1,1,2088,1,0,0,0,354,1,1,2019,7,3,901.0,0
1175,70192,1041,1,0,1,1,2088,1,0,0,0,206,1,1,2019,7,2,891.0,0
1176,82440,1064,1,0,2,1,2093,1,0,0,0,300,1,1,2019,7,3,896.0,0
1177,82440,1076,1,0,2,1,2093,1,0,0,0,1209,1,1,2019,7,3,899.0,0
1178,82440,1077,1,0,2,1,2093,1,0,0,0,631,1,1,2019,7,12,989.0,0
1179,82440,1248,1,0,2,1,2093,1,0,0,0,53701,1,1,2019,7,3,903.0,0
1180,82440,1249,1,0,2,1,2093,1,0,0,0,26128,1,1,2019,7,5,922.0,0
1181,82440,1254,1,0,2,1,2093,1,0,0,0,3136,1,1,2019,7,3,902.0,0
1182,82440,1259,1,0,2,1,2093,1,0,0,0,53641,1,1,2019,7,12,984.0,0
1183,4051,1070,1,1,1,1,2385,1,3206,1,0,3,1,1,2019,7,11,979.0,0
1184,4051,1078,1,1,1,1,2385,1,3206,1,0,457,1,1,2019,7,3,901.0,0
1185,4051,1295,1,1,1,1,2385,1,3206,1,0,56240,1,1,2019,7,5,918.0,0
1186,4051,1296,1,1,1,1,2385,1,3206,1,0,3434,1,1,2019,7,4,912.0,0
1187,4051,1297,1,1,1,1,2385,1,3206,1,0,10731,1,1,2019,7,12,981.0,0
1188,228,1073,1,0,0,1,1975,1,10,1,0,13693,1,1,2019,7,4,912.0,0
1189,170818,1079,1,0,1,0,270,0,0,0,0,341,1,1,2019,7,4,908.0,0
1190,170818,1083,1,0,1,0,270,0,0,0,0,239,1,1,2019,7,5,921.0,0
1191,170818,1084,1,0,1,0,270,0,0,0,0,485,1,1,2019,7,3,902.0,0
1192,532,1086,1,0,0,1,3,0,8283,1,0,595,1,1,2019,7,8,947.0,0
1193,532,1087,1,0,0,1,3,0,8283,1,0,271,1,1,2019,7,10,966.0,0
1194,532,1088,1,0,0,1,3,0,8283,1,0,232,1,1,2019,7,3,898.0,0
1195,532,1095,1,0,0,1,3,0,8283,1,0,316,1,1,2019,7,3,902.0,0
1196,532,1096,1,0,0,1,3,0,8283,1,0,26040,1,1,2019,7,5,914.0,0
1197,532,1097,1,0,0,1,3,0,8283,1,0,267,1,1,2019,7,3,899.0,0
1198,532,1098,1,0,0,1,3,0,8283,1,0,636,1,1,2019,7,4,905.0,0
1199,532,1100,1,0,0,1,3,0,8283,1,0,473,1,1,2019,7,12,981.0,0
1200,532,1101,1,0,0,1,3,0,8283,1,0,636,1,1,2019,7,4,905.0,0
1201,532,1392,1,0,0,1,3,0,8283,1,0,56433,1,1,2019,7,7,937.0,0
1202,171127,1089,0,0,1,0,400,0,0,0,0,232,1,1,2019,7,3,898.0,0
1203,171127,1102,0,0,1,0,400,0,0,0,0,283,1,1,2019,7,13,998.0,0
1204,171127,1111,0,0,1,0,400,0,0,0,0,233,1,1,2019,7,6,927.0,0
1205,171127,1113,0,0,1,0,400,0,0,0,0,232,1,1,2019,7,3,899.0,0
1206,54254,1090,0,0,0,0,3,0,0,0,0,26154,1,1,2019,7,3,903.0,0
1207,551,1104,1,0,0,0,3,0,7375,1,0,485,1,1,2019,7,3,899.0,0
1208,551,1109,1,0,0,0,3,0,7375,1,0,3533,1,1,2019,7,6,926.0,0
1209,551,1110,1,0,0,0,3,0,7375,1,0,3533,1,1,2019,7,6,926.0,0
1210,551,1461,1,0,0,0,3,0,7375,1,0,25986,1,1,2019,7,5,917.0,0
1211,551,1466,1,0,0,0,3,0,7375,1,0,213,1,1,2019,7,5,918.0,0
1212,551,1705,1,0,0,0,3,0,7375,1,0,398,1,1,2019,7,5,922.0,0
1213,551,1709,1,0,0,0,3,0,7375,1,0,523,1,1,2019,7,8,951.0,0
1214,551,1710,1,0,0,0,3,0,7375,1,0,294,1,1,2019,7,5,921.0,0
1215,551,1712,1,0,0,0,3,0,7375,1,0,233,1,1,2019,7,6,928.0,0
1216,551,1728,1,0,0,0,3,0,7375,1,0,54283,1,1,2019,7,5,922.0,0
1217,551,1729,1,0,0,0,3,0,7375,1,0,14488,1,1,2019,7,11,978.0,0
1218,551,1730,1,0,0,0,3,0,7375,1,0,423,1,1,2019,7,5,921.0,0
1219,551,1731,1,0,0,0,3,0,7375,1,0,26095,1,1,2019,7,6,932.0,0
1220,551,1837,1,0,0,0,3,0,7375,1,0,15180,1,1,2019,7,6,930.0,0
1221,551,1839,1,0,0,0,3,0,7375,1,0,3382,1,1,2019,7,6,930.0,0
1222,551,1840,1,0,0,0,3,0,7375,1,0,53934,1,1,2019,7,6,928.0,0
1223,551,1842,1,0,0,0,3,0,7375,1,0,509,1,1,2019,7,7,937.0,0
1224,262,1116,1,0,0,1,3,0,10320,1,0,238,1,1,2019,7,5,919.0,0
1225,262,1119,1,0,0,1,3,0,10320,1,0,1209,1,1,2019,7,3,899.0,0
1226,262,1131,1,0,0,1,3,0,10320,1,0,26128,1,1,2019,7,5,919.0,0
1227,262,1412,1,0,0,1,3,0,10320,1,0,53699,1,1,2019,7,4,911.0,0
1228,262,1413,1,0,0,1,3,0,10320,1,0,541,1,1,2019,7,4,911.0,0
1229,262,1419,1,0,0,1,3,0,10320,1,0,330,1,1,2019,7,5,914.0,0
1230,378,1122,1,0,1,0,1906,0,5595,1,0,239,1,1,2019,7,5,922.0,0
1231,378,1129,1,0,1,0,1906,0,5595,1,0,53940,1,1,2019,7,4,907.0,0
1232,30332,1125,1,1,1,1,2305,1,0,0,0,330,1,1,2019,7,6,930.0,0
1233,662,1141,0,1,0,1,3,0,13593,1,0,677,1,1,2019,7,4,911.0,0
1234,662,1142,0,1,0,1,3,0,13593,1,0,26212,1,1,2019,7,3,902.0,0
1235,662,1144,0,1,0,1,3,0,13593,1,0,564,1,1,2019,7,3,902.0,0
1236,662,1148,0,1,0,1,3,0,13593,1,0,26128,1,1,2019,7,6,931.0,0
1237,4296,1153,1,1,1,0,762,0,0,0,0,1238,1,1,2019,7,3,902.0,0
1238,4296,1154,1,1,1,0,762,0,0,0,0,10731,1,1,2019,7,12,981.0,0
1239,6821,1155,1,1,1,1,1858,0,688,0,0,3136,1,1,2019,7,3,903.0,0
1240,122302,1156,1,0,1,1,113,1,0,1,0,26129,1,1,2019,7,8,951.0,0
1241,122302,1163,1,0,1,1,113,1,0,1,0,283,1,1,2019,7,5,916.0,0
1242,122302,1166,1,0,1,1,113,1,0,1,0,3434,1,1,2019,7,4,911.0,0
1243,122302,1169,1,0,1,1,113,1,0,1,0,294,1,1,2019,7,4,908.0,0
1244,122302,1170,1,0,1,1,113,1,0,1,0,18537,1,1,2019,7,6,926.0,0
1245,122302,1174,1,0,1,1,113,1,0,1,0,256,1,1,2019,7,3,902.0,0
1246,53934,1157,1,0,1,1,1891,1,0,1,0,238,1,1,2019,7,5,922.0,0
1247,53934,1162,1,0,1,1,1891,1,0,1,0,423,1,1,2019,7,3,902.0,0
1248,26085,1158,1,0,1,0,1891,1,0,0,0,352,1,1,2019,7,3,900.0,0
1249,26085,1159,1,0,1,0,1891,1,0,0,0,17,1,1,2019,7,4,908.0,0
1250,26085,1160,1,0,1,0,1891,1,0,0,0,206,1,1,2019,7,3,903.0,0
1251,53900,1172,1,0,1,0,1975,0,0,0,0,283,1,1,2019,7,6,929.0,0
1252,53900,1173,1,0,1,0,1975,0,0,0,0,3533,1,1,2019,7,4,910.0,0
1253,53900,1825,1,0,1,0,1975,0,0,0,0,26128,1,1,2019,7,7,936.0,0
1254,53900,1833,1,0,1,0,1975,0,0,0,0,352,1,1,2019,7,6,931.0,0
1255,19532,1178,1,1,1,1,1542,0,0,0,0,352,1,1,2019,7,3,902.0,0
1256,3382,1184,1,1,0,0,1890,1,5315,1,0,232,1,1,2019,7,3,901.0,0
1257,3382,1187,1,1,0,0,1890,1,5315,1,0,685,1,1,2019,7,5,922.0,0
1258,54190,1186,1,0,1,0,1891,1,0,0,0,398,1,1,2019,7,3,902.0,0
1259,576,1190,1,0,1,1,1891,1,7381,1,0,3136,1,1,2019,7,4,904.0,0
1260,576,1457,1,0,1,1,1891,1,7381,1,0,319,1,1,2019,7,4,909.0,0
1261,3434,1194,1,1,1,1,1976,1,5863,1,0,26060,1,1,2019,7,4,912.0,0
1262,3434,1737,1,1,1,1,1976,1,5863,1,0,684,1,1,2019,7,9,956.0,0
1263,3434,1738,1,1,1,1,1976,1,5863,1,0,14549,1,1,2019,7,5,922.0,0
1264,3434,1740,1,1,1,1,1976,1,5863,1,0,677,1,1,2019,7,5,921.0,0
1265,3434,1743,1,1,1,1,1976,1,5863,1,0,267,1,1,2019,7,6,928.0,0
1266,492,1195,1,0,1,1,3,0,5343,1,0,457,1,1,2019,7,3,903.0,0
1267,492,1206,1,0,1,1,3,0,5343,1,0,633,1,1,2019,7,9,957.0,0
1268,492,1211,1,0,1,1,3,0,5343,1,0,1238,1,1,2019,7,3,902.0,0
1269,338,1201,1,0,1,1,1891,1,3214,1,0,53606,1,1,2019,7,3,902.0,0
1270,338,1202,1,0,1,1,1891,1,3214,1,0,294,1,1,2019,7,5,921.0,0
1271,338,1203,1,0,1,1,1891,1,3214,1,0,238,1,1,2019,7,5,922.0,0
1272,338,1370,1,0,1,1,1891,1,3214,1,0,256,1,1,2019,7,4,909.0,0
1273,171128,1204,1,0,2,0,15,0,0,0,0,1209,1,1,2019,7,3,903.0,0
1274,171128,1205,1,0,2,0,15,0,0,0,0,13693,1,1,2019,7,4,911.0,0
1275,171128,1207,1,0,2,0,15,0,0,0,0,559,1,1,2019,7,5,921.0,0
1276,171128,1208,1,0,2,0,15,0,0,0,0,122302,1,1,2019,7,4,907.0,0
1277,171128,1209,1,0,2,0,15,0,0,0,0,15204,1,1,2019,7,9,961.0,0
1278,171128,1215,1,0,2,0,15,0,0,0,0,53947,1,1,2019,7,3,902.0,0
1279,206,1212,1,0,1,1,1899,1,410,1,0,14930,1,1,2019,7,7,941.0,0
1280,206,1520,1,0,1,1,1899,1,410,1,0,1488,1,1,2019,7,5,914.0,0
1281,206,1521,1,0,1,1,1899,1,410,1,0,25986,1,1,2019,7,8,948.0,0
1282,206,1522,1,0,1,1,1899,1,410,1,0,354,1,1,2019,7,11,978.0,0
1283,206,1523,1,0,1,1,1899,1,410,1,0,505,1,1,2019,7,5,914.0,0
1284,206,1656,1,0,1,1,1899,1,410,1,0,18537,1,1,2019,7,5,917.0,0
1285,206,1657,1,0,1,1,1899,1,410,1,0,232,1,1,2019,7,9,961.0,0
1286,206,1658,1,0,1,1,1899,1,410,1,0,384,1,1,2019,7,5,917.0,0
1287,206,1659,1,0,1,1,1899,1,410,1,0,271,1,1,2019,7,5,921.0,0
1288,206,1660,1,0,1,1,1899,1,410,1,0,372,1,1,2019,7,5,922.0,0
1289,206,1661,1,0,1,1,1899,1,410,1,0,53934,1,1,2019,7,11,979.0,0
1290,206,1662,1,0,1,1,1899,1,410,1,0,53873,1,1,2019,7,5,921.0,0
1291,206,1663,1,0,1,1,1899,1,410,1,0,26212,1,1,2019,7,5,919.0,0
1292,206,1664,1,0,1,1,1899,1,410,1,0,19,1,1,2019,7,6,925.0,0
1293,206,1665,1,0,1,1,1899,1,410,1,0,3382,1,1,2019,7,5,920.0,0
1294,206,1666,1,0,1,1,1899,1,410,1,0,15204,1,1,2019,7,9,961.0,0
1295,206,1667,1,0,1,1,1899,1,410,1,0,3382,1,1,2019,7,5,919.0,0
1296,206,1668,1,0,1,1,1899,1,410,1,0,3382,1,1,2019,7,5,919.0,0
1297,206,1669,1,0,1,1,1899,1,410,1,0,3434,1,1,2019,7,6,927.0,0
1298,206,1670,1,0,1,1,1899,1,410,1,0,302,1,1,2019,7,5,922.0,0
1299,206,1671,1,0,1,1,1899,1,410,1,0,53940,1,1,2019,7,6,928.0,0
1300,206,1672,1,0,1,1,1899,1,410,1,0,1209,1,1,2019,7,8,948.0,0
1301,206,1673,1,0,1,1,1899,1,410,1,0,54307,1,1,2019,7,6,927.0,0
1302,206,1675,1,0,1,1,1899,1,410,1,0,8185,1,1,2019,7,8,949.0,0
1303,206,1676,1,0,1,1,1899,1,410,1,0,885,1,1,2019,7,5,922.0,0
1304,315,1221,1,0,1,1,1889,1,396,1,0,26040,1,1,2019,7,5,914.0,0
1305,315,1230,1,0,1,1,1889,1,396,1,0,633,1,1,2019,7,3,903.0,0
1306,7340,1235,1,1,2,1,1863,0,82,0,0,338,1,1,2019,7,5,917.0,0
1307,7340,1237,1,1,2,1,1863,0,82,0,0,54090,1,1,2019,7,4,910.0,0
1308,7340,1238,1,1,2,1,1863,0,82,0,0,26128,1,1,2019,7,6,923.0,0
1309,3818,1240,1,1,1,0,576,0,220,0,0,1238,1,1,2019,7,3,902.0,0
1310,3503,1242,1,1,1,0,2735,0,5399,1,0,12400,1,1,2019,7,4,911.0,0
1311,3503,1256,1,1,1,0,2735,0,5399,1,0,25986,1,1,2019,7,11,978.0,0
1312,3503,1597,1,1,1,0,2735,0,5399,1,0,473,1,1,2019,7,8,947.0,0
1313,3503,1598,1,1,1,0,2735,0,5399,1,0,341,1,1,2019,7,6,927.0,0
1314,3503,1599,1,1,1,0,2735,0,5399,1,0,283,1,1,2019,7,5,919.0,0
1315,3503,1600,1,1,1,0,2735,0,5399,1,0,505,1,1,2019,7,4,913.0,0
1316,109057,1243,1,0,1,1,185,1,0,1,0,170889,1,1,2019,7,4,909.0,0
1317,109057,1245,1,0,1,1,185,1,0,1,0,53699,1,1,2019,7,6,929.0,0
1318,234,1250,1,0,1,1,1906,0,350,0,0,677,1,1,2019,7,3,902.0,0
1319,234,1262,1,0,1,1,1906,0,350,0,0,18537,1,1,2019,7,11,975.0,0
1320,234,1264,1,0,1,1,1906,0,350,0,0,26144,1,1,2019,7,3,903.0,0
1321,53201,1271,1,1,1,1,2660,1,100,0,0,15204,1,1,2019,7,9,961.0,0
1322,53201,1435,1,1,1,1,2660,1,100,0,0,3533,1,1,2019,7,5,914.0,0
1323,53201,1436,1,1,1,1,2660,1,100,0,0,300,1,1,2019,7,4,909.0,0
1324,53201,1437,1,1,1,1,2660,1,100,0,0,26204,1,1,2019,7,4,909.0,0
1325,53201,1442,1,1,1,1,2660,1,100,0,0,42404,1,1,2019,7,4,912.0,0
1326,53201,1444,1,1,1,1,2660,1,100,0,0,341,1,1,2019,7,4,913.0,0
1327,53201,1447,1,1,1,1,2660,1,100,0,0,326,1,1,2019,7,4,912.0,0
1328,53201,1683,1,1,1,1,2660,1,100,0,0,271,1,1,2019,7,6,930.0,0
1329,53201,1684,1,1,1,1,2660,1,100,0,0,451,1,1,2019,7,6,927.0,0
1330,171012,1272,1,1,1,1,256,1,0,0,0,352,1,1,2019,7,4,907.0,0
1331,171012,1722,1,1,1,1,256,1,0,0,0,53964,1,1,2019,7,5,921.0,0
1332,171012,1723,1,1,1,1,256,1,0,0,0,631,1,1,2019,7,8,948.0,0
1333,72058,1273,1,0,1,0,2984,1,0,0,0,238,1,1,2019,7,7,936.0,0
1334,602,1287,1,0,0,1,3,0,5759,1,0,26129,1,1,2019,7,4,912.0,0
1335,602,1294,1,0,0,1,3,0,5759,1,0,485,1,1,2019,7,4,912.0,0
1336,602,1298,1,0,0,1,3,0,5759,1,0,485,1,1,2019,7,4,912.0,0
1337,53964,1299,1,0,1,1,113,0,0,1,0,3434,1,1,2019,7,8,950.0,0
1338,53964,1735,1,0,1,1,113,0,0,1,0,3382,1,1,2019,7,5,921.0,0
1339,129528,1327,1,0,1,1,205,1,0,0,0,232,1,1,2019,7,4,911.0,0
1340,129528,1331,1,0,1,1,205,1,0,0,0,26128,1,1,2019,7,6,923.0,0
1341,129528,1332,1,0,1,1,205,1,0,0,0,294,1,1,2019,7,5,921.0,0
1342,129528,1336,1,0,1,1,205,1,0,0,0,25986,1,1,2019,7,3,903.0,0
1343,7018,1328,1,1,1,1,1861,0,340,0,0,267,1,1,2019,7,4,908.0,0
1344,7018,1352,1,1,1,1,1861,0,340,0,0,232,1,1,2019,7,4,912.0,0
1345,7018,1354,1,1,1,1,1861,0,340,0,0,213,1,1,2019,7,4,909.0,0
1346,54113,1340,1,0,1,0,2986,1,0,0,0,1238,1,1,2019,7,4,910.0,0
1347,54113,1341,1,0,1,0,2986,1,0,0,0,26127,1,1,2019,7,7,936.0,0
1348,54113,1342,1,0,1,0,2986,1,0,0,0,26154,1,1,2019,7,4,907.0,0
1349,396,1343,1,0,1,1,1891,1,5605,1,0,691,1,1,2019,7,9,957.0,0
1350,3768,1344,1,1,1,0,2268,0,5315,1,0,53958,1,1,2019,7,3,903.0,0
1351,3768,1345,1,1,1,0,2268,0,5315,1,0,232,1,1,2019,7,4,911.0,0
1352,3768,1347,1,1,1,0,2268,0,5315,1,0,3533,1,1,2019,7,4,912.0,0
1353,170952,1363,1,0,1,0,140,1,0,0,0,1822,1,1,2019,7,9,956.0,0
1354,95543,1367,1,0,1,0,2441,1,0,0,0,3533,1,1,2019,7,6,926.0,0
1355,58940,1372,1,0,1,1,2092,1,0,0,0,1115,1,1,2019,7,4,909.0,0
1356,56795,1376,0,0,2,0,2441,0,0,0,0,271,1,1,2019,7,5,918.0,0
1357,26034,1389,1,0,0,1,2939,1,0,1,0,3434,1,1,2019,7,6,927.0,0
1358,26034,1407,1,0,0,1,2939,1,0,1,0,233,1,1,2019,7,6,927.0,0
1359,26034,1410,1,0,0,1,2939,1,0,1,0,55158,1,1,2019,7,9,956.0,0
1360,361,1390,1,0,1,1,1906,0,478,0,0,53606,1,1,2019,7,10,970.0,0
1361,361,1391,1,0,1,1,1906,0,478,0,0,53934,1,1,2019,7,4,911.0,0
1362,361,1395,1,0,1,1,1906,0,478,0,0,232,1,1,2019,7,4,911.0,0
1363,361,1397,1,0,1,1,1906,0,478,0,0,271,1,1,2019,7,10,966.0,0
1364,361,1398,1,0,1,1,1906,0,478,0,0,25986,1,1,2019,7,12,987.0,0
1365,361,1401,1,0,1,1,1906,0,478,0,0,53606,1,1,2019,7,10,970.0,0
1366,170573,1399,1,0,1,0,113,0,0,0,0,26122,1,1,2019,7,7,941.0,0
1367,170573,1400,1,0,1,0,113,0,0,0,0,26212,1,1,2019,7,4,908.0,0
1368,1831,1445,1,1,2,1,1324,0,528,0,0,170889,1,1,2019,7,4,909.0,0
1369,1831,1455,1,1,2,1,1324,0,528,0,0,232,1,1,2019,7,5,917.0,0
1370,1831,1456,1,1,2,1,1324,0,528,0,0,232,1,1,2019,7,5,923.0,0
1371,1831,1459,1,1,2,1,1324,0,528,0,0,885,1,1,2019,7,4,910.0,0
1372,1831,1463,1,1,2,1,1324,0,528,0,0,25986,1,1,2019,7,4,912.0,0
1373,1831,1465,1,1,2,1,1324,0,528,0,0,398,1,1,2019,7,5,917.0,0
1374,26007,1451,1,0,1,0,1891,0,0,1,0,3533,1,1,2019,7,6,926.0,0
1375,359,1452,1,0,2,1,2524,1,582,1,0,564,1,1,2019,7,4,913.0,0
1376,359,1453,1,0,2,1,2524,1,582,1,0,122302,1,1,2019,7,4,909.0,0
1377,359,1454,1,0,2,1,2524,1,582,1,0,232,1,1,2019,7,5,917.0,0
1378,359,1553,1,0,2,1,2524,1,582,1,0,576,1,1,2019,7,5,921.0,0
1379,359,1554,1,0,2,1,2524,1,582,1,0,53958,1,1,2019,7,5,914.0,0
1380,359,1555,1,0,2,1,2524,1,582,1,0,344,1,1,2019,7,9,952.0,0
1381,359,1557,1,0,2,1,2524,1,582,1,0,19,1,1,2019,7,6,925.0,0
1382,26063,1458,1,0,1,1,1891,1,0,0,0,53934,1,1,2019,7,11,977.0,0
1383,26063,1460,1,0,1,1,1891,1,0,0,0,319,1,1,2019,7,4,909.0,0
1384,26063,1468,1,0,1,1,1891,1,0,0,0,56433,1,1,2019,7,4,912.0,0
1385,4747,1472,1,1,1,1,2494,1,86,0,0,20088,1,1,2019,7,4,912.0,0
1386,4747,1473,1,1,1,1,2494,1,86,0,0,319,1,1,2019,7,4,912.0,0
1387,4747,1474,1,1,1,1,2494,1,86,0,0,232,1,1,2019,7,5,917.0,0
1388,4747,1477,1,1,1,1,2494,1,86,0,0,53964,1,1,2019,7,5,914.0,0
1389,4747,1479,1,1,1,1,2494,1,86,0,0,55158,1,1,2019,7,7,939.0,0
1390,4747,1480,1,1,1,1,2494,1,86,0,0,3434,1,1,2019,7,6,927.0,0
1391,4747,1481,1,1,1,1,2494,1,86,0,0,14579,1,1,2019,7,5,920.0,0
1392,4747,1483,1,1,1,1,2494,1,86,0,0,54307,1,1,2019,7,5,917.0,0
1393,4747,1484,1,1,1,1,2494,1,86,0,0,1822,1,1,2019,7,10,966.0,0
1394,694,1475,1,1,0,1,3,0,10607,1,0,283,1,1,2019,7,5,917.0,0
1395,691,1485,1,1,1,1,1917,0,5917,1,0,631,1,1,2019,7,11,980.0,0
1396,691,1486,1,1,1,1,1917,0,5917,1,0,10,1,1,2019,7,8,948.0,0
1397,691,1488,1,1,1,1,1917,0,5917,1,0,223,1,1,2019,7,11,979.0,0
1398,3533,1490,1,1,2,1,1912,1,1576,1,0,267,1,1,2019,7,5,920.0,0
1399,3533,1495,1,1,2,1,1912,1,1576,1,0,775,1,1,2019,7,6,923.0,0
1400,3533,1645,1,1,2,1,1912,1,1576,1,0,170889,1,1,2019,7,10,966.0,0
1401,3533,1646,1,1,2,1,1912,1,1576,1,0,586,1,1,2019,7,6,932.0,0
1402,3533,1647,1,1,2,1,1912,1,1576,1,0,576,1,1,2019,7,5,919.0,0
1403,5,1496,1,0,0,1,3,1,2198,1,0,26111,1,1,2019,7,8,948.0,0
1404,5,1505,1,0,0,1,3,1,2198,1,0,509,1,1,2019,7,4,911.0,0
1405,5,1506,1,0,0,1,3,1,2198,1,0,575,1,1,2019,7,5,914.0,0
1406,5,1788,1,0,0,1,3,1,2198,1,0,3562,1,1,2019,7,6,927.0,0
1407,5,1789,1,0,0,1,3,1,2198,1,0,663,1,1,2019,7,13,998.0,0
1408,5,1791,1,0,0,1,3,1,2198,1,0,26095,1,1,2019,7,6,932.0,0
1409,5,1792,1,0,0,1,3,1,2198,1,0,15180,1,1,2019,7,6,927.0,0
1410,5,1793,1,0,0,1,3,1,2198,1,0,485,1,1,2019,7,5,922.0,0
1411,5,1795,1,0,0,1,3,1,2198,1,0,485,1,1,2019,7,7,937.0,0
1412,5,1797,1,0,0,1,3,1,2198,1,0,398,1,1,2019,7,7,939.0,0
1413,5,1798,1,0,0,1,3,1,2198,1,0,254,1,1,2019,7,6,928.0,0
1414,1209,1504,1,1,1,1,113,1,0,1,0,18537,1,1,2019,7,11,975.0,0
1415,1209,1758,1,1,1,1,113,1,0,1,0,13693,1,1,2019,7,6,927.0,0
1416,8185,1525,1,1,2,1,2793,1,214,1,0,671,1,1,2019,7,5,920.0,0
1417,171129,1552,0,0,2,0,115,0,0,0,0,53699,1,1,2019,7,8,949.0,0
1418,775,1558,1,1,1,1,3,1,10283,1,0,233,1,1,2019,7,6,927.0,0
1419,267,1561,1,0,1,1,1891,1,8177,1,0,18,1,1,2019,7,14,1000.0,0
1420,267,1569,1,0,1,1,1891,1,8177,1,0,485,1,1,2019,7,5,916.0,0
1421,267,1570,1,0,1,1,1891,1,8177,1,0,3136,1,1,2019,7,5,917.0,0
1422,22250,1574,1,1,1,1,2247,1,216,0,0,26122,1,1,2019,7,12,989.0,0
1423,896,1584,1,1,2,1,1890,0,7173,1,0,26060,1,1,2019,7,5,917.0,0
1424,896,1588,1,1,2,1,1890,0,7173,1,0,687,1,1,2019,7,8,951.0,0
1425,82513,1622,1,0,1,0,2277,1,0,0,0,3434,1,1,2019,7,5,916.0,0
1426,82513,1623,1,0,1,0,2277,1,0,0,0,487,1,1,2019,7,6,923.0,0
1427,82513,1628,1,0,1,0,2277,1,0,0,0,54090,1,1,2019,7,5,922.0,0
1428,69033,1624,1,0,1,0,2087,0,0,0,0,677,1,1,2019,7,5,918.0,0
1429,69033,1625,1,0,1,0,2087,0,0,0,0,26128,1,1,2019,7,5,922.0,0
1430,69033,1627,1,0,1,0,2087,0,0,0,0,485,1,1,2019,7,5,918.0,0
1431,1050,1631,1,1,1,1,1429,1,30,0,0,239,1,1,2019,7,5,918.0,0
1432,1050,1633,1,1,1,1,1429,1,30,0,0,354,1,1,2019,7,6,926.0,0
1433,1050,1634,1,1,1,1,1429,1,30,0,0,352,1,1,2019,7,5,918.0,0
1434,1050,1637,1,1,1,1,1429,1,30,0,0,15522,1,1,2019,7,5,918.0,0
1435,1050,1638,1,1,1,1,1429,1,30,0,0,15180,1,1,2019,7,5,917.0,0
1436,1050,1639,1,1,1,1,1429,1,30,0,0,559,1,1,2019,7,5,922.0,0
1437,39066,1632,1,1,1,1,274,1,0,0,0,239,1,1,2019,7,5,922.0,0
1438,39066,1635,1,1,1,1,274,1,0,0,0,3434,1,1,2019,7,6,926.0,0
1439,3495,1640,1,1,0,1,1890,0,5333,1,0,359,1,1,2019,7,5,919.0,0
1440,3495,1641,1,1,0,1,1890,0,5333,1,0,26095,1,1,2019,7,5,916.0,0
1441,3495,1642,1,1,0,1,1890,0,5333,1,0,612,1,1,2019,7,5,920.0,0
1442,3495,1643,1,1,0,1,1890,0,5333,1,0,14878,1,1,2019,7,12,989.0,0
1443,3495,1644,1,1,0,1,1890,0,5333,1,0,13693,1,1,2019,7,5,919.0,0
1444,3495,1713,1,1,0,1,1890,0,5333,1,0,451,1,1,2019,7,5,921.0,0
1445,3495,1714,1,1,0,1,1890,0,5333,1,0,14579,1,1,2019,7,6,932.0,0
1446,3495,1715,1,1,0,1,1890,0,5333,1,0,26111,1,1,2019,7,11,978.0,0
1447,3495,1716,1,1,0,1,1890,0,5333,1,0,26128,1,1,2019,7,9,958.0,0
1448,541,1678,1,0,1,1,1889,0,16263,1,0,238,1,1,2019,7,5,922.0,0
1449,541,1682,1,0,1,1,1889,0,16263,1,0,15204,1,1,2019,7,9,961.0,0
1450,221,1680,1,0,1,1,1889,1,382,1,0,55109,1,1,2019,7,5,922.0,0
1451,221,1769,1,0,1,1,1889,1,382,1,0,576,1,1,2019,7,9,956.0,0
1452,268,1706,1,0,0,1,1889,0,298,1,0,53934,1,1,2019,7,5,920.0,0
1453,268,1711,1,0,0,1,1889,0,298,1,0,232,1,1,2019,7,9,961.0,0
1454,26024,1717,1,0,1,1,2762,1,0,1,0,671,1,1,2019,7,9,958.0,0
1455,26024,1724,1,0,1,1,2762,1,0,1,0,26051,1,1,2019,7,7,937.0,0
1456,26024,1725,1,0,1,1,2762,1,0,1,0,170939,1,1,2019,7,8,948.0,0
1457,26024,1726,1,0,1,1,2762,1,0,1,0,301,1,1,2019,7,6,929.0,0
1458,55223,1719,1,0,2,0,1897,0,0,0,0,301,1,1,2019,7,6,927.0,0
1459,170888,1727,1,0,2,0,260,0,0,0,0,502,1,1,2019,7,6,928.0,0
1460,209,1732,1,0,1,1,1891,1,742,1,0,464,1,1,2019,7,9,956.0,0
1461,56926,1733,1,0,1,1,2410,1,0,0,0,72770,1,1,2019,7,11,979.0,0
1462,25986,1734,1,0,0,1,3,0,50,1,0,341,1,1,2019,7,6,931.0,0
1463,3888,1741,1,1,0,0,2751,0,5307,1,0,25986,1,1,2019,7,5,921.0,0
1464,3888,1744,1,1,0,0,2751,0,5307,1,0,684,1,1,2019,7,8,945.0,0
1465,16242,1745,1,1,1,1,270,1,74,0,0,668,1,1,2019,7,10,965.0,0
1466,16242,1746,1,1,1,1,270,1,74,0,0,310,1,1,2019,7,9,958.0,0
1467,955,1748,1,1,1,1,2667,1,15833,1,0,308,1,1,2019,7,5,922.0,0
1468,955,1749,1,1,1,1,2667,1,15833,1,0,55109,1,1,2019,7,5,922.0,0
1469,955,1750,1,1,1,1,2667,1,15833,1,0,564,1,1,2019,7,7,939.0,0
1470,955,1751,1,1,1,1,2667,1,15833,1,0,226,1,1,2019,7,9,961.0,0
1471,955,1752,1,1,1,1,2667,1,15833,1,0,559,1,1,2019,7,5,922.0,0
1472,955,1753,1,1,1,1,2667,1,15833,1,0,3503,1,1,2019,7,6,925.0,0
1473,955,1754,1,1,1,1,2667,1,15833,1,0,575,1,1,2019,7,6,925.0,0
1474,108810,1755,1,0,1,1,231,1,0,0,0,26070,1,1,2019,7,11,978.0,0
1475,108810,1756,1,0,1,1,231,1,0,0,0,53606,1,1,2019,7,10,970.0,0
1476,1320,1759,1,1,1,1,1914,1,1832,0,0,341,1,1,2019,7,6,931.0,0
1477,201,1761,1,0,1,1,1891,1,142,0,0,53875,1,1,2019,7,6,930.0,0
1478,201,1762,1,0,1,1,1891,1,142,0,0,3362,1,1,2019,7,6,926.0,0
1479,201,1782,1,0,1,1,1891,1,142,0,0,1321,1,1,2019,7,6,927.0,0
1480,201,1783,1,0,1,1,1891,1,142,0,0,267,1,1,2019,7,9,956.0,0
1481,201,1784,1,0,1,1,1891,1,142,0,0,3435,1,1,2019,7,7,935.0,0
1482,201,1785,1,0,1,1,1891,1,142,0,0,485,1,1,2019,7,6,927.0,0
1483,4419,1763,1,1,1,0,946,0,0,0,0,26095,1,1,2019,7,7,933.0,0
1484,110843,1786,1,0,1,0,1905,1,0,0,0,3562,1,1,2019,7,7,939.0,0
1485,110843,1787,1,0,1,0,1905,1,0,0,0,19,1,1,2019,7,8,947.0,0
1486,55754,1790,1,0,2,0,1891,1,0,0,0,3434,1,1,2019,7,5,922.0,0
1487,55754,1794,1,0,2,0,1891,1,0,0,0,3434,1,1,2019,7,6,926.0,0
1488,55754,1796,1,0,2,0,1891,1,0,0,0,254,1,1,2019,7,12,989.0,0
1489,26004,1799,1,0,1,1,2012,1,0,1,0,330,1,1,2019,7,6,930.0,0
1490,636,1805,1,0,1,1,5,0,68,1,0,473,1,1,2019,7,12,981.0,0
1491,636,1806,1,0,1,1,5,0,68,1,0,3562,1,1,2019,7,6,930.0,0
1492,636,1807,1,0,1,1,5,0,68,1,0,232,1,1,2019,7,6,928.0,0
1493,636,1826,1,0,1,1,5,0,68,1,0,232,1,1,2019,7,7,939.0,0
1494,636,1827,1,0,1,1,5,0,68,1,0,595,1,1,2019,7,8,947.0,0
1495,636,1828,1,0,1,1,5,0,68,1,0,233,1,1,2019,7,8,946.0,0
1496,636,1829,1,0,1,1,5,0,68,1,0,233,1,1,2019,7,6,930.0,0
1497,636,1830,1,0,1,1,5,0,68,1,0,19,1,1,2019,7,6,932.0,0
1498,636,1835,1,0,1,1,5,0,68,1,0,238,1,1,2019,7,9,958.0,0
1499,636,1836,1,0,1,1,5,0,68,1,0,612,1,1,2019,7,7,939.0,0
1500,73253,1818,1,0,1,1,188,1,0,0,0,10731,1,1,2019,7,12,982.0,0
1501,170988,1843,1,0,1,1,113,1,0,0,0,451,1,1,2019,7,8,949.0,0
1502,679,1854,1,1,1,1,3,0,5615,1,0,330,1,1,2019,7,7,936.0,0
1503,679,1855,1,1,1,1,3,0,5615,1,0,3434,1,1,2019,7,8,946.0,0
1504,679,1856,1,1,1,1,3,0,5615,1,0,473,1,1,2019,7,12,981.0,0
1505,679,1859,1,1,1,1,3,0,5615,1,0,8185,1,1,2019,7,8,949.0,0
1506,679,1860,1,1,1,1,3,0,5615,1,0,595,1,1,2019,7,10,964.0,0
1507,679,1863,1,1,1,1,3,0,5615,1,0,485,1,1,2019,7,6,930.0,0
